Date,XRP_Price,Number_of_articles,news_sentiment,news_subjectivity,reddit_sentiment,reddit_subjectivity,google_trends
2019-04-10,0.3558875000000001,822,0.07280522977589302,0.23926157530111605,0.05511111111111111,0.23200000000000004,55.916666666666664
2019-04-11,0.33403541666666653,831,0.07280522977589302,0.23926157530111605,0.0010101010101010099,0.08707070707070708,67.56111111111112
2019-04-12,0.32542499999999996,817,0.06874843073593072,0.2331221771284271,0.039090909090909086,0.16121212121212122,61.30555555555556
2019-04-13,0.32708541666666663,793,0.07414805857407895,0.24761616713785076,-0.044,0.23600000000000004,59.37777777777778
2019-04-14,0.32590416666666666,773,0.0710812655271418,0.24378043133842103,0.264,0.2315,53.59444444444444
2019-04-15,0.3253020833333334,760,0.07529425204425202,0.2502815055315054,0.041290043290043286,0.17027489177489177,42.416666666666664
2019-04-16,0.3207895833333334,768,0.0762118875655145,0.24322222035304933,0.03197727272727273,0.19909090909090912,62.62222222222222
2019-04-17,0.3284645833333332,772,0.07629824335135216,0.24380943969674537,0.1545,0.23475,52.19444444444444
2019-04-18,0.33875000000000005,780,0.07777204876298138,0.24721473618494338,0.08653030303030303,0.182989898989899,61.65
2019-04-19,0.3313958333333333,761,0.07833902987601966,0.25204761720705593,0.05492857142857143,0.1209047619047619,72.4
2019-04-20,0.33051458333333333,750,0.07794136982588758,0.2545752942770709,0.1149848484848485,0.1831717171717172,64.83333333333333
2019-04-21,0.3227,738,0.07811057456362024,0.2545329930926377,-0.00015584415584416034,0.23171861471861477,61.59444444444444
2019-04-22,0.3246583333333332,729,0.0791837010778337,0.25201076913449355,0.010318181818181817,0.1595,61.17777777777778
2019-04-23,0.32494166666666663,736,0.07935667743310228,0.2523874477566187,0.07316666666666667,0.11574444444444446,71.63333333333334
2019-04-24,0.30569791666666674,749,0.07978920153920153,0.2574840437340437,0.08051515151515151,0.2153917748917749,58.68888888888889
2019-04-25,0.2997625,783,0.07114130117917998,0.2521658230938533,0.00454166666666667,0.1715,56.272222222222226
2019-04-26,0.28932083333333336,773,0.06727539608917162,0.2538035695880083,0.00021428571428571352,0.07038095238095238,66.41666666666667
2019-04-27,0.2925645833333332,757,0.06810523817000502,0.2611885415965726,0.07173232323232322,0.24005555555555558,61.33888888888889
2019-04-28,0.2916375,738,0.06962263269258089,0.26464482912021764,0.023747474747474743,0.21757070707070705,65.0
2019-04-29,0.28947916666666657,737,0.06701219557086906,0.26230899556792403,0.027999999999999997,0.056499999999999995,44.361111111111114
2019-04-30,0.29809583333333334,726,0.06959565897065899,0.2677820335046897,0.05748484848484848,0.11239393939393941,56.983333333333334
2019-05-01,0.3012395833333333,716,0.07052760689602797,0.26903247702589805,0.08544926948051951,0.23472077922077922,67.95
2019-05-02,0.29802500000000004,691,0.06489006183140261,0.2556674788588196,0.0684090909090909,0.1946969696969697,66.2611111111111
2019-05-03,0.30126458333333334,628,0.0678280009920635,0.24769864841597788,0.035939393939393945,0.35513131313131313,67.58333333333333
2019-05-04,0.300825,603,0.06687330264928582,0.24257469356486203,0.08690909090909091,0.1741818181818182,65.75
2019-05-05,0.29835208333333335,590,0.05525273833309548,0.24271083083583078,-0.03168888888888889,0.3674666666666666,60.31111111111111
2019-05-06,0.29717083333333333,573,0.048668375382085065,0.2498038177473661,0.053050505050505056,0.24525252525252525,58.888888888888886
2019-05-07,0.29963333333333336,567,0.05032344994980867,0.2488073671497584,0.07269412878787879,0.13251515151515153,70.12777777777778
2019-05-08,0.2964354166666667,567,0.04938059751239101,0.2562472551602986,0.08138131313131311,0.22797474747474747,59.827777777777776
2019-05-09,0.2955208333333333,565,0.04308254063188274,0.26441254651780965,0.06478454545454544,0.12206848484848486,61.016666666666666
2019-05-10,0.2961375,548,0.04283802596635045,0.2639050075220288,0.05597393939393939,0.11897757575757577,61.25
2019-05-11,0.3145166666666667,540,0.04048090905371835,0.2695440227012392,0.15032323232323233,0.31903535353535356,57.138888888888886
2019-05-12,0.31476666666666664,527,0.046524962276865846,0.274330231246475,0.05700909090909091,0.12434141414141414,65.06111111111112
2019-05-13,0.32378958333333335,553,0.053441553540059,0.2668603151075977,0.08995454545454545,0.15668181818181817,35.522222222222226
2019-05-14,0.3845583333333333,589,0.0659137591417421,0.2759519915059687,0.09121212121212122,0.2064848484848485,57.68333333333333
2019-05-15,0.4330729166666667,613,0.06310314645213491,0.274788783791674,0.10012121212121211,0.20026277056277053,60.794444444444444
2019-05-16,0.4320020833333335,609,0.06412937357980464,0.2774879542551957,0.048075276575276576,0.24090921115921116,77.87777777777778
2019-05-17,0.3794895833333332,633,0.06958464234178521,0.2848659657802515,0.031092640692640686,0.21122229437229437,70.71111111111111
2019-05-18,0.3774395833333332,624,0.07124196876990174,0.2783140261352552,0.04715606060606061,0.26539191919191923,64.2611111111111
2019-05-19,0.4034395833333333,616,0.07016099486932821,0.2722678371011704,0.1447651515151515,0.26510606060606057,56.166666666666664
2019-05-20,0.39714374999999996,622,0.07296242926860906,0.27570155811728847,0.07845833333333334,0.26616666666666666,58.24444444444445
2019-05-21,0.3973604166666666,626,0.07304669893153042,0.27575773789256935,0.0229090909090909,0.18336363636363637,71.43888888888888
2019-05-22,0.39323958333333336,634,0.06858833748498554,0.2702134674760373,0.10535878787878789,0.32393818181818174,65.21666666666667
2019-05-23,0.3731916666666666,641,0.0710901238111183,0.27045972750392644,0.045454545454545456,0.27484848484848484,60.03888888888889
2019-05-24,0.38587499999999997,629,0.07298888080650377,0.2648794147564639,0.1139090909090909,0.20400000000000001,71.90555555555555
2019-05-25,0.3878604166666666,635,0.07298888080650377,0.2648794147564639,0.03872727272727273,0.0685,62.105555555555554
2019-05-26,0.38755625,579,0.07526516142587573,0.2815780251494538,0.08575757575757575,0.20026262626262623,53.28333333333333
2019-05-27,0.41778750000000003,599,0.08453691412945559,0.2801192469286392,0.07422727272727273,0.19392424242424244,56.16111111111111
2019-05-28,0.4366859999999999,607,0.0875764327230808,0.28520437817923855,0.08199999999999999,0.24066666666666667,57.205555555555556
2019-05-29,0.44238000000000016,628,0.0875451438993106,0.28490077360910704,0.04422727272727272,0.2683131313131313,74.33333333333333
2019-05-30,0.44906199999999996,647,0.08623803344289459,0.28309989444711675,0.0025757575757575733,0.2365858585858586,73.47777777777777
2019-05-31,0.42436200000000013,648,0.08607735206548059,0.2777121843602291,0.09269264069264066,0.24928571428571428,71.01666666666667
2019-06-01,0.43296999999999997,636,0.07982516821802539,0.28050505711220003,0.07845454545454546,0.20251515151515154,70.37777777777778
2019-06-02,0.4389079999999999,630,0.07284886259071045,0.28873738027270646,0.03667965367965367,0.10282900432900431,47.65555555555556
2019-06-03,0.441382,656,0.07888936013936018,0.2901571181571182,0.07324242424242423,0.14153030303030303,48.18333333333333
2019-06-04,0.40447000000000005,636,0.07601688795302929,0.29282842660560066,0.031000000000000007,0.12233333333333335,66.24444444444444
2019-06-05,0.3994759999999999,651,0.07242216892216895,0.2980925145925147,0.07612121212121213,0.19318181818181818,69.03888888888889
2019-06-06,0.4061160000000001,658,0.07580361855361858,0.28971686621686626,0.09233333333333332,0.16633333333333333,51.13333333333333
2019-06-07,0.4220920000000002,671,0.06775754275414604,0.27644155713449187,0.08466666666666667,0.22583333333333333,70.78888888888889
2019-06-08,0.41461000000000003,676,0.06797601141521908,0.2798343768152511,0.11994444444444444,0.2268888888888889,65.72777777777777
2019-06-09,0.3972440000000001,675,0.06953242472603888,0.2805306820795951,0.062,0.1475,61.983333333333334
2019-06-10,0.3935060000000001,673,0.07454953422684404,0.28222401943869335,0.07200000000000001,0.2075,46.727777777777774
2019-06-11,0.39277199999999995,674,0.0716363262613263,0.2809045994045994,0.13383333333333336,0.2711888888888889,69.90555555555555
2019-06-12,0.396746,689,0.0778904048993335,0.2759561404204261,0.05199999999999999,0.138,70.34444444444445
2019-06-13,0.4026219999999999,692,0.0778904048993335,0.2759561404204261,0.17683712121212125,0.35641414141414146,62.92777777777778
2019-06-14,0.3973679999999999,671,0.07170214201789725,0.2800948410193202,0.03464393939393939,0.07151515151515152,66.45
2019-06-15,0.40822800000000004,630,0.06484697854076162,0.287598484212241,0.050166666666666665,0.163,56.72222222222222
2019-06-17,0.43519199999999997,590,0.06819750826399762,0.2819887387041644,-0.02383333333333334,0.191,32.62222222222222
2019-06-18,0.43575,597,0.06640498090951459,0.28907365351018216,0.11170129870129869,0.14607575757575755,75.32222222222222
2019-06-19,0.43140600000000007,614,0.06052607066677747,0.28660044410698876,0.05375151515151515,0.17351515151515154,60.92777777777778
2019-06-20,0.4300630434782611,632,0.0690751742682371,0.3010292875148898,0.09203809523809524,0.19942490842490837,65.02222222222223
2019-06-21,0.440274,639,0.06154026081054878,0.2975052664516017,0.14557575757575758,0.21418181818181817,53.44444444444444
2019-06-22,0.4654480000000001,651,0.061327519431907715,0.3086672755928076,0.011333333333333332,0.11566666666666667,56.53333333333333
2019-06-23,0.4748400000000001,660,0.06166964413639944,0.30821544344150736,0.006704545454545454,0.06351515151515154,64.10555555555555
2019-06-24,0.4617319999999999,666,0.06022499954986584,0.3045876321143701,0.006000000000000001,0.11400000000000002,57.37777777777778
2019-06-25,0.466472,663,0.05877840795340794,0.31094924014924025,0.008222222222222223,0.126,61.455555555555556
2019-06-26,0.47378,704,0.06137317542275641,0.31562441923894446,0.02488762626262626,0.22673737373737374,62.92777777777778
2019-06-27,0.42513199999999995,735,0.0586498638479513,0.3106180199076374,0.005748917748917748,0.15803174603174602,76.09444444444445
2019-06-28,0.4103159999999999,723,0.054305686976451974,0.29398476043284794,0.04831168831168831,0.2088722943722944,70.62222222222222
2019-06-29,0.4152039999999998,718,0.05711849836849834,0.2941063466063467,0.10886363636363637,0.2510909090909091,73.32777777777778
2019-06-30,0.4102879999999999,681,0.06297875074660787,0.29988979935408505,0.023469696969696967,0.2017164502164502,70.2611111111111
2019-07-01,0.40159400000000006,681,0.06534518131045908,0.3034842539148095,0.013804713804713804,0.20567003367003367,55.766666666666666
2019-07-02,0.3951799999999999,705,0.06280781057566771,0.290842180306466,-0.06533333333333334,0.11933333333333335,73.21111111111111
2019-07-03,0.4008119999999999,715,0.06446566959835116,0.3015592745760344,0.13015151515151516,0.21700000000000003,51.67777777777778
2019-07-04,0.39690000000000003,683,0.05147481094008872,0.2969425872481428,0.13612121212121212,0.20834848484848487,49.333333333333336
2019-07-05,0.38178000000000006,692,0.04855814427342205,0.30434999465555024,0.03535484307359306,0.27045887445887445,64.52777777777777
2019-07-06,0.38991200000000015,676,0.056953596076524254,0.29289190909356655,0.0773989898989899,0.13607070707070706,57.266666666666666
2019-07-07,0.394306,672,0.06258895519254634,0.2950220502844812,0.06236868686868688,0.183544733044733,69.32777777777778
2019-07-08,0.39858000000000005,659,0.07634751346384296,0.31277841239257426,0.12593073593073592,0.3000865800865801,60.57222222222222
2019-07-09,0.39851800000000004,660,0.07226112939190973,0.30410789216136047,0.0487114898989899,0.15512626262626264,73.15
2019-07-10,0.38007000000000013,675,0.0664365990135221,0.3070000818270049,0.07274141414141413,0.15166767676767676,53.111111111111114
2019-07-11,0.33564200000000005,688,0.07145650041907528,0.31288317520802555,0.13183333333333333,0.24655555555555556,69.4
2019-07-12,0.3396200000000001,695,0.06582685062774883,0.30133241309588615,0.10586666666666668,0.17646666666666666,70.02777777777777
2019-07-13,0.334632,675,0.07110333163568458,0.30800653806977335,0.012166666666666668,0.08083333333333334,68.0
2019-07-14,0.31915999999999994,676,0.0674206918247097,0.3051369369717584,0.0824,0.24763636363636363,59.16111111111111
2019-07-15,0.312608,675,0.06525503192094104,0.30611953080589444,0.0355,0.11749999999999998,61.24444444444445
2019-07-16,0.307378,693,0.06371617965367966,0.29939207044628735,0.12332323232323233,0.3034949494949495,64.93888888888888
2019-07-17,0.30669799999999997,705,0.060016380456892525,0.2952153636189781,0.04639393939393939,0.16036363636363635,74.62777777777778
2019-07-18,0.31694399999999995,704,0.06383047217253807,0.28823076790142654,-0.02160606060606061,0.14009090909090907,69.25
2019-07-19,0.317802,680,0.06598350457841198,0.2922164568970125,0.029999999999999995,0.26,66.46666666666667
2019-07-20,0.331114,656,0.07178690899292753,0.29603473224306553,0.0467099567099567,0.1207077922077922,62.42777777777778
2019-07-21,0.32877600000000007,643,0.06684854459776336,0.29193213609307367,0.1496060606060606,0.30392424242424243,59.98888888888889
2019-07-22,0.32404200000000005,636,0.06731919656689594,0.29055126417549737,0.07836688311688313,0.2264090909090909,37.266666666666666
2019-07-23,0.31293199999999993,625,0.07546510137312025,0.2768414263933133,0.11172727272727277,0.24342424242424243,57.37222222222222
2019-07-24,0.31045199999999995,624,0.06801954901638446,0.27464108763950545,0.04953246753246753,0.23556060606060605,66.63888888888889
2019-07-25,0.316972,615,0.07188625674736787,0.2750474431261469,0.016393939393939395,0.20525757575757578,62.43333333333333
2019-07-26,0.3164680000000001,615,0.0701200223172273,0.27599235478117473,0.048,0.1328888888888889,63.727777777777774
2019-07-27,0.31437,570,0.06917529811701595,0.2770870293646367,0.059430303030303035,0.12316363636363636,53.37777777777778
2019-07-28,0.30921400000000004,538,0.06371559753377937,0.267297422274695,0.13015151515151513,0.37122727272727274,64.06111111111112
2019-07-29,0.309866,539,0.06554504074357018,0.274188184364655,0.04862121212121212,0.17608080808080806,32.22222222222222
2019-07-30,0.3145400000000001,554,0.0655966789620636,0.27345718384179923,0.012030303030303032,0.22448484848484845,64.98333333333333
2019-07-31,0.3192120000000001,555,0.05649598533370466,0.26761568272533176,0.03732575757575758,0.22954545454545452,63.69444444444444
2019-08-01,0.31479999999999997,556,0.058961831360675315,0.27282629140288095,0.09303636363636364,0.2573878787878788,58.80555555555556
2019-08-02,0.3141300000000001,554,0.0602385593613664,0.2719654460224635,0.01,0.0125,59.6
2019-08-03,0.31537200000000015,526,0.05799854448698379,0.28516687310762445,0.09421464646464646,0.3908989898989899,63.11666666666667
2019-08-04,0.317952,513,0.054184910327767476,0.28438401360544213,0.03063636363636364,0.19870995670995675,62.35
2019-08-05,0.323618,519,0.06159582938429094,0.2875711574750035,0.02641666666666667,0.17816666666666667,51.21111111111111
2019-08-06,0.316178,522,0.06254165910603036,0.2796792238034752,0.10287878787878789,0.18977272727272726,62.61666666666667
2019-08-07,0.311088,519,0.06081329994791534,0.2778685523877831,0.07893939393939395,0.24490909090909088,57.78888888888889
2019-08-08,0.3069679999999999,520,0.05847274066585444,0.2715156807596927,0.06354545454545453,0.15615151515151515,70.03888888888889
2019-08-09,0.299312,519,0.059670355849601134,0.27610277301315034,0.022030303030303032,0.16921212121212123,60.58888888888889
2019-08-10,0.29873400000000006,508,0.05883813108335401,0.274524464389114,0.016227272727272722,0.2170909090909091,68.67222222222222
2019-08-11,0.30037600000000014,490,0.0664346083603896,0.28444815340909085,0.03455681818181818,0.23687272727272726,69.33333333333333
2019-08-12,0.300686,473,0.06435751121368592,0.2851164071871903,0.12532247474747477,0.253010101010101,45.41111111111111
2019-08-13,0.29647399999999996,463,0.057748636644740545,0.28434773289481075,0.014127272727272731,0.21669090909090907,58.083333333333336
2019-08-14,0.284398,471,0.05384022121275411,0.2864633549625325,0.09721212121212121,0.20408484848484845,36.25
2019-08-15,0.262192,481,0.06110968054933572,0.2910857217495148,0.06306060606060607,0.13675757575757574,67.58333333333333
2019-08-16,0.26094000000000006,479,0.05678653747445695,0.29586980785806294,0.050613636363636354,0.13079545454545452,71.33333333333333
2019-08-17,0.264116,468,0.049138537888537906,0.3009175124800125,-0.06142857142857142,0.18714285714285717,65.83888888888889
2019-08-18,0.27719799999999994,461,0.05768836680295015,0.3093562986010903,0.1372388888888889,0.2859111111111111,69.88888888888889
2019-08-19,0.28315200000000007,468,0.05242216309924644,0.32370815045294216,0.1303939393939394,0.21275757575757573,46.74444444444445
2019-08-21,0.265274,486,0.05801850828446574,0.32596951019823367,0.047765151515151524,0.17634848484848484,72.1
2019-08-22,0.267958,483,0.058914344653781286,0.3256159050261163,0.056441077441077445,0.17295791245791248,70.46666666666667
2019-08-23,0.274118,475,0.05834526386312101,0.33432708462172744,0.028678691678691682,0.1293941798941799,62.78888888888889
2019-08-24,0.27130800000000005,474,0.053633933048826674,0.3394703238054302,0.059303030303030316,0.2641212121212121,57.75
2019-08-26,0.2707,457,0.051986033689800815,0.33234331038697473,0.027977272727272726,0.13209090909090912,41.605555555555554
2019-08-27,0.26831200000000005,477,0.049988236220994846,0.32472154011378146,0.0817550505050505,0.11664646464646465,64.48333333333333
2019-08-28,0.2632580000000001,494,0.04958080675451999,0.32921800727866907,0.00352380952380952,0.3608849206349206,61.666666666666664
2019-08-29,0.2537960000000001,504,0.05212203383036717,0.33791142910587363,0.03229870129870131,0.23456709956709956,60.3
2019-08-30,0.2550060000000001,491,0.0519934330073219,0.3356017583239806,0.061712121212121225,0.23848484848484847,63.05
2019-08-31,0.25671999999999995,481,0.04859102081583425,0.33301918438112477,0.1453116883116883,0.3679199134199134,68.80555555555556
2019-09-01,0.25637400000000005,471,0.04678888755277644,0.33095080433969326,0.04390692640692641,0.14102705627705628,58.36666666666667
2019-09-02,0.25747200000000003,475,0.04710514293087285,0.32414686489504013,0.21041666666666667,0.1843333333333333,47.31666666666667
2019-09-03,0.262072,475,0.04248412030356474,0.3278879803324248,0.015277777777777777,0.18255555555555553,67.0
2019-09-04,0.25995999999999997,480,0.042147419966864406,0.327990860990861,-0.016114583333333335,0.18611111111111112,65.5111111111111
2019-09-05,0.256652,490,0.03817275265886376,0.3267202180535514,0.05559523809523809,0.12048412698412699,64.13333333333334
2019-09-06,0.25560199999999994,483,0.03810400967345411,0.32650577200577197,0.06294848484848485,0.14417272727272729,47.53333333333333
2019-09-07,0.255808,471,0.03952405133111654,0.3280289959637785,0.07092727272727273,0.21744285714285716,63.855555555555554
2019-09-08,0.262018,467,0.03695012758891435,0.3237106357694592,0.021727272727272727,0.1570909090909091,52.85
2019-09-09,0.259648,467,0.03986573898526453,0.3257050431320503,0.09352651515151517,0.1880151515151515,68.27222222222223
2019-09-10,0.259676,477,0.02920981846620533,0.3138474947599033,0.09177777777777778,0.18355555555555556,66.52777777777777
2019-09-11,0.25474399999999997,490,0.03090798861632194,0.31204646999091423,0.09144444444444444,0.14522222222222222,68.60555555555555
2019-09-12,0.25351599999999996,502,0.03762555593245892,0.3172788115698562,0.07574747474747474,0.2085050505050505,62.22222222222222
2019-09-13,0.25444999999999995,495,0.03244523725628375,0.31770274729577047,0.038497979797979795,0.24894141414141416,63.26111111111111
2019-09-14,0.25924800000000003,486,0.03892040635361245,0.31543917914146913,0.008412626262626264,0.08343838383838383,61.044444444444444
2019-09-15,0.26174800000000004,478,0.03227081420263238,0.31873360225632935,0.1014,0.21387777777777778,55.55555555555556
2019-09-16,0.26071999999999995,458,0.03868192797540623,0.3152311677855155,0.05106666666666666,0.2562666666666667,62.31666666666667
2019-09-17,0.27524600000000005,472,0.04857284970921334,0.33232596528051067,0.13770634920634922,0.20728968253968255,55.422222222222224
2019-09-18,0.3098820000000001,491,0.05265501250234075,0.3271119868257271,0.03626262626262626,0.20350505050505052,58.93333333333333
2019-09-19,0.295968,493,0.046085500589317374,0.3283726854146701,0.10498232323232326,0.3177373737373738,61.71111111111111
2019-09-20,0.29232199999999997,489,0.03791525919366828,0.32133791923564636,0.0027272727272727258,0.14409090909090908,58.56111111111111
2019-09-21,0.290906,482,0.03791525919366828,0.32133791923564636,0.05371717171717171,0.20761616161616164,55.53333333333333
2019-09-22,0.27781800000000006,473,0.0428219966186384,0.31173254399000655,0.002666666666666666,0.3003333333333334,64.5
2019-09-23,0.274308,473,0.040956324976847376,0.3038967230944841,0.008773809523809526,0.2051666666666667,64.67222222222222
2019-09-24,0.25890599999999997,484,0.044160945812065214,0.3033473864444011,-0.009904761904761908,0.22542857142857145,40.794444444444444
2019-09-25,0.24113600000000002,493,0.0464117318910552,0.3066039919423376,0.045701262626262625,0.2517292929292929,68.98333333333333
2019-09-26,0.242442,503,0.05277123339623341,0.30460895585895564,0.17432323232323235,0.23387373737373734,65.82777777777778
2019-09-27,0.2401320000000001,507,0.04512111382151064,0.29526453117722934,0.09726839826839827,0.17602164502164502,67.72222222222223
2019-09-28,0.241854,482,0.05444213808471623,0.3062760228775852,0.04717424242424242,0.1346363636363636,61.59444444444444
2019-09-29,0.23903200000000002,470,0.06098007110604012,0.3035628525938602,0.011737373737373736,0.15555050505050505,60.95
2019-09-30,0.24982800000000002,468,0.059697959447959456,0.2923025400525401,-0.009251082251082251,0.17223713323713322,63.62777777777778
2019-10-01,0.2539420000000001,475,0.06279316326796948,0.2886898982441618,0.10428787878787878,0.3148484848484848,65.27777777777777
2019-10-02,0.2488299999999999,489,0.058934101979736905,0.2971718126083204,0.05707575757575757,0.12003030303030301,67.33333333333333
2019-10-03,0.24789199999999995,497,0.05755141876204868,0.29470064348017094,0.02197171717171717,0.10993217893217894,64.31666666666666
2019-10-04,0.25107199999999996,497,0.06213553409842473,0.30046430638227506,0.0613409090909091,0.13232954545454548,65.12222222222222
2019-10-05,0.253036,496,0.0630114810681217,0.30203864350348714,0.03463636363636364,0.12312121212121213,64.63333333333334
2019-10-06,0.253498,493,0.058167597694112845,0.2942792189572492,0.06266262626262627,0.1226050505050505,47.46111111111111
2019-10-08,0.27679000000000004,521,0.052216828781643604,0.28535378476119216,0.019693373293373288,0.1928184482184482,72.23333333333333
2019-10-09,0.279292,535,0.050301018766092304,0.2922629481085363,0.08512121212121211,0.21584848484848482,70.52777777777777
2019-10-10,0.2741259999999999,545,0.03891483263289833,0.291540496202905,0.028900000000000006,0.13233333333333336,58.38333333333333
2019-10-11,0.269466,535,0.03853450871242842,0.28779820713214876,0.06426262626262626,0.1765050505050505,61.93333333333333
2019-10-12,0.272932,520,0.04081553061023863,0.28849772051414385,-0.10287878787878785,0.34075757575757576,61.12777777777778
2019-10-13,0.277716,511,0.036202133045430136,0.29012092543795437,0.016575757575757574,0.0796969696969697,60.75
2019-10-14,0.289188,525,0.03260385177812185,0.2852130489812972,0.027999999999999997,0.052000000000000005,59.27777777777778
2019-10-15,0.29130400000000006,542,0.035303716512955635,0.27686877836334367,0.043754545454545435,0.46204848484848476,74.28333333333333
2019-10-16,0.28584400000000004,549,0.04378882575757576,0.2732652417027418,0.06083484848484849,0.14473333333333332,68.62777777777778
2019-10-17,0.293126,557,0.049267539525691705,0.27675239716000594,0.07892929292929292,0.1535050505050505,69.19444444444444
2019-10-18,0.2927780000000001,542,0.04184414081289081,0.2755203523328524,0.042398989898989894,0.21590404040404038,68.58333333333333
2019-10-19,0.29261000000000004,517,0.04077932599807601,0.27499786556036565,0.05273737373737374,0.1144671717171717,74.45
2019-10-20,0.289878,510,0.040307935576421504,0.27333442998055674,0.040901346801346807,0.14328985088985088,63.34444444444444
2019-10-21,0.2917079999999999,508,0.0444211355452675,0.26430084993453046,0.04014343434343434,0.26981038961038967,61.19444444444444
2019-10-22,0.29493600000000003,525,0.039040070242656454,0.2642482003947521,0.17724242424242426,0.3359393939393939,68.61111111111111
2019-10-23,0.278642,529,0.03463270525770527,0.26679790327517594,0.1494047619047619,0.18457142857142858,62.077777777777776
2019-10-24,0.2735480000000001,529,0.03598968161468162,0.273790910268183,0.07432207792207793,0.40064502164502175,69.74444444444444
2019-10-25,0.286498,515,0.03451022672613581,0.27431399829127107,0.1445212121212121,0.27521038961038957,50.62222222222222
2019-10-26,0.2957179999999998,507,0.03159194130785038,0.2719972409745137,0.058196969696969705,0.28421212121212114,59.855555555555554
2019-10-27,0.29696399999999995,501,0.024196626900619942,0.2750273527270055,0.1471796536796537,0.24894805194805195,63.09444444444444
2019-10-28,0.29861600000000005,503,0.027523679866366925,0.27282157908858584,0.05488571428571429,0.17250476190476188,67.32222222222222
2019-10-29,0.3000920000000001,516,0.025896267615017603,0.2699327696202696,0.0472,0.19013333333333335,70.43333333333334
2019-10-30,0.29712200000000005,526,0.028211281478898904,0.2730428405176727,0.05416666666666667,0.10831746031746033,69.8
2019-11-01,0.291346,517,0.03717491008749178,0.27953257677930876,0.027393939393939394,0.10175757575757576,54.49444444444445
2019-11-02,0.29442999999999997,502,0.037481661856661866,0.29109672489639377,0.13711861471861475,0.32632554112554113,61.13333333333333
2019-11-03,0.291954,492,0.03237252163745872,0.284574038528441,0.12006666666666668,0.17153333333333332,68.24444444444444
2019-11-04,0.29377200000000003,489,0.03785859841635157,0.2876004735419292,0.11683463203463203,0.223751948051948,66.2611111111111
2019-11-05,0.300732,489,0.03433854252287797,0.28269335534367185,0.1620180375180375,0.38280086580086575,71.35555555555555
2019-11-06,0.301802,492,0.032170501351672244,0.2868296550495918,0.09813852813852814,0.24412445887445888,45.85
2019-11-07,0.29384,500,0.030889209428222163,0.29953769956158494,0.10876190476190478,0.18654437229437232,71.04444444444445
2019-11-08,0.27951600000000004,489,0.030786039420593547,0.30329432863668526,0.06258809523809523,0.24332380952380947,72.5111111111111
2019-11-09,0.27872600000000003,478,0.0405576676907322,0.3023446562398174,0.0400952380952381,0.12347619047619048,48.394444444444446
2019-11-10,0.279788,463,0.041389913747868275,0.2914495254024474,0.20284343434343433,0.4059365079365079,61.95
2019-11-11,0.27495200000000003,460,0.040028981801133685,0.29029087590796443,0.09265079365079368,0.21503174603174602,57.51111111111111
2019-11-12,0.2720240000000001,458,0.038675135190286695,0.2897615476554869,0.11690811688311689,0.2925722943722943,62.68888888888889
2019-11-13,0.272148,466,0.037912558720941944,0.2823991339111098,0.11983290043290046,0.2371350649350649,68.10555555555555
2019-11-14,0.267616,478,0.05275062129228797,0.29249037283263457,0.14491774891774895,0.24217460317460318,71.10555555555555
2019-11-15,0.26260399999999995,468,0.05045623891777737,0.29007918719457165,0.07394444444444445,0.25605079365079364,58.916666666666664
2019-11-16,0.26150399999999996,454,0.048662256089156655,0.29697618766332196,0.1054909090909091,0.25450303030303023,55.08888888888889
2019-11-17,0.263224,449,0.05044765392718608,0.3075176929416693,0.08942857142857143,0.21814285714285717,53.56111111111111
2019-11-18,0.257126,434,0.05467191407249885,0.31476118044831475,0.010294949494949492,0.2081090909090909,61.044444444444444
2019-11-19,0.24919999999999998,436,0.06090282671678021,0.318163731724778,0.11221998556998557,0.2664784992784993,68.43333333333334
2019-11-20,0.25135399999999997,453,0.05050314418696769,0.3106722335398804,0.036632323232323245,0.2663659451659452,67.31666666666666
2019-11-21,0.24472399999999994,458,0.0470854939678039,0.3101535052558442,0.10042222222222223,0.2869111111111111,77.97777777777777
2019-11-22,0.23513400000000004,459,0.049327596042625786,0.32127231784969856,0.1628888888888889,0.33420634920634923,65.68888888888888
2019-11-23,0.23122399999999999,451,0.04015677096998118,0.3083420104726921,0.08795319865319864,0.29896022126022126,66.47777777777777
2019-11-24,0.227904,449,0.03755603423075797,0.29710676881947584,0.09576616161616162,0.24484646464646467,38.72222222222222
2019-11-25,0.21659600000000004,458,0.02884632869702313,0.28521779969002176,0.04518181818181818,0.3232727272727274,49.8
2019-11-26,0.218422,470,0.02966529655426303,0.2850777796587851,0.14755555555555558,0.2626666666666667,62.37222222222222
2019-11-27,0.22172599999999995,475,0.036530968121558004,0.3001103497522035,0.08003787878787878,0.36673737373737375,57.516666666666666
2019-11-28,0.22642799999999996,471,0.036343923694618134,0.302844813879536,0.11846666666666668,0.3171333333333333,65.73333333333333
2019-11-29,0.22806200000000004,464,0.03535785934744268,0.3073760521885521,0.20165584415584412,0.2803290043290043,65.12222222222222
2019-11-30,0.2276739999999999,447,0.036835847376101606,0.3097709439022997,0.2106666666666667,0.3123333333333333,57.25
2019-12-01,0.22199399999999994,444,0.035632990215153135,0.30793191748950155,0.11422727272727273,0.30085281385281387,61.62222222222222
2019-12-02,0.22068600000000005,441,0.030304455681610852,0.3015667450365725,0.16123333333333334,0.2642952380952381,56.5
2019-12-03,0.21989799999999998,449,0.027718248785059133,0.30209356495994416,0.12082575757575757,0.28840404040404044,67.40555555555555
2019-12-04,0.21565599999999996,461,0.02888679506004068,0.301837896508949,0.15641515151515153,0.2815838383838384,35.19444444444444
2019-12-05,0.2169500000000001,457,0.02893293049543049,0.30774789562289545,0.041416666666666664,0.27276190476190476,60.16111111111111
2019-12-06,0.22282600000000005,459,0.03458279829187568,0.31280588982225865,0.06567099567099566,0.2548398268398268,63.68333333333333
2019-12-07,0.226336,448,0.038790760082175746,0.3193813167533045,0.11964848484848487,0.27489090909090913,59.638888888888886
2019-12-08,0.22816,435,0.03931996021604456,0.3013508615993555,0.1478030303030303,0.3662164502164503,67.77222222222223
2019-12-09,0.2268,427,0.036041748655385016,0.30550647528677827,0.042166666666666665,0.25749999999999995,58.91111111111111
2019-12-10,0.221892,420,0.03475386986750625,0.3067859365662395,0.062035353535353534,0.19549494949494947,64.34444444444445
2019-12-11,0.22122600000000003,430,0.037310523065891166,0.31146057787928944,0.12524040404040404,0.2896917171717172,60.13333333333333
2019-12-12,0.21911600000000003,431,0.038383359262265514,0.3121094914923039,0.14461464646464647,0.3705636363636364,59.21666666666667
2019-12-13,0.21867799999999996,433,0.033324153862675884,0.31286706916423895,0.12588167388167387,0.3446637806637806,69.74444444444444
2019-12-14,0.21785200000000007,427,0.0322730815127312,0.32152354987546067,0.1372952380952381,0.3000984126984127,66.31666666666666
2019-12-15,0.21697200000000005,407,0.02726533576936802,0.31952330912814786,0.1540606060606061,0.4110075757575757,56.894444444444446
2019-12-16,0.21114200000000005,405,0.018844188815963003,0.3119820904901551,0.15841818181818185,0.32066666666666666,44.2
2019-12-17,0.19341199999999997,418,0.022355255535286975,0.31485961365678344,0.10746969696969698,0.313010101010101,57.922222222222224
2019-12-18,0.18741,428,0.012790973547961122,0.30300453514739234,0.10405925925925925,0.20838518518518515,65.52777777777777
2019-12-19,0.18849800000000005,435,0.008536776866252172,0.2922349598275525,0.03895454545454545,0.21694372294372297,68.2611111111111
2019-12-20,0.19004000000000004,453,0.008437357064657675,0.28665765897360984,0.04058333333333333,0.12798412698412698,54.272222222222226
2019-12-21,0.192428,438,0.02906472007229584,0.29421253662162755,0.04158333333333334,0.3228333333333333,60.58888888888889
2019-12-22,0.193736,434,0.031920636387099806,0.29674076347094647,0.24815714285714283,0.3582761904761905,60.266666666666666
2019-12-23,0.19464000000000004,428,0.03247923895989372,0.2925409172507387,0.18584978354978357,0.30112467532467535,61.172222222222224
2019-12-25,0.18851800000000002,415,0.03480101668795936,0.3117189754689755,0.13795454545454544,0.2876818181818182,65.32222222222222
2019-12-26,0.18896599999999997,403,0.03852870595839346,0.3110381068584194,0.2631888888888889,0.41979999999999995,63.81666666666667
2019-12-28,0.19257800000000003,385,0.02067266377479792,0.3196350360908287,0.2083952380952381,0.47327619047619046,65.76666666666667
2019-12-29,0.19395799999999994,384,0.023186752836143076,0.32139039455350427,0.20128787878787882,0.4272222222222223,61.16111111111111
2019-12-30,0.193978,400,0.023859675625300628,0.3112321980681355,0.12342857142857142,0.21380952380952384,68.51666666666667
2020-01-01,0.19341800000000006,404,0.019888152450264256,0.3222769946294791,0.12848484848484848,0.15406060606060606,64.08333333333333
2020-01-02,0.18950000000000003,401,0.014515057569745072,0.3253988647348022,0.17415079365079364,0.2378095238095238,69.8
2020-01-03,0.19089199999999995,392,0.011081948589712575,0.3298953102912729,0.08803787878787879,0.2195151515151515,65.95
2020-01-04,0.19242000000000004,389,0.010945973760390948,0.32247328194414066,0.1766904761904762,0.33386904761904757,61.96111111111111
2020-01-05,0.19492999999999994,370,0.011365506511212037,0.3113984229244964,0.1675619047619048,0.48860952380952377,56.477777777777774
2020-01-06,0.20894800000000002,382,0.017885492185190983,0.3032542351668857,0.04807142857142858,0.1806666666666667,62.68333333333333
2020-01-07,0.21506999999999998,399,0.01836815281668223,0.30994974850857204,0.09547727272727272,0.15409090909090908,63.42777777777778
2020-01-08,0.21095,410,0.02062502285455502,0.3052427353889342,0.0665,0.21909523809523804,71.37222222222222
2020-01-09,0.20465200000000003,410,0.025122761739767553,0.3119548254286626,0.1687922077922078,0.4757994227994227,70.86666666666666
2020-01-10,0.205514,407,0.023658997419835567,0.31259909059041996,0.1320222222222222,0.23456190476190475,61.08888888888889
2020-01-11,0.21270999999999993,399,0.02204426741713673,0.30737376365217267,0.18599999999999997,0.3993174603174603,63.266666666666666
2020-01-12,0.21386600000000008,396,0.02195381364667079,0.3118718329289756,0.19218759018759018,0.4188369408369408,70.35
2020-01-13,0.21160400000000007,401,0.022987961781314386,0.3122691951593684,0.18325252525252528,0.42305050505050495,44.71111111111111
2020-01-14,0.225326,414,0.026158348794063084,0.31029677623963325,0.13276060606060608,0.29065281385281383,62.522222222222226
2020-01-16,0.22692800000000002,433,0.027716085295565063,0.31526196347005586,0.0866628787878788,0.2260568181818182,69.88888888888889
2020-01-17,0.23478,435,0.02785806019377448,0.3175288108716679,0.2567164502164503,0.44215800865800864,65.91111111111111
2020-01-18,0.24000199999999994,427,0.02885502770618378,0.31628583416155664,0.1657619047619048,0.35522222222222216,66.97222222222223
2020-01-19,0.23929199999999992,414,0.043963678771371084,0.32141212310591,0.15926681096681095,0.32279585137085137,71.32222222222222
2020-01-20,0.23198399999999997,414,0.040571642588011644,0.323266668571728,0.11342857142857143,0.32298412698412704,57.77777777777778
2020-01-21,0.23601999999999992,404,0.04294763107263107,0.31520647986965344,0.10825757575757577,0.2670909090909091,69.62777777777778
2020-01-22,0.23563800000000001,396,0.04728339222691632,0.3045112509645641,0.24278989898989903,0.36074949494949493,70.56111111111112
2020-01-23,0.227164,394,0.04328236142942025,0.30663794702029995,0.10845454545454546,0.2451818181818181,70.44444444444444
2020-01-24,0.22145800000000002,393,0.0456252064535197,0.3097954939973012,0.03236060606060606,0.18272424242424243,72.17222222222222
2020-01-25,0.21916600000000003,395,0.04559461537140108,0.3049831137777566,0.16436190476190476,0.25174285714285716,66.45555555555555
2020-01-26,0.22322,402,0.045807909022194726,0.3082767645714074,0.1942164502164502,0.3513246753246754,61.394444444444446
2020-01-27,0.230108,403,0.04180330937406409,0.29802274769255893,0.10905404040404043,0.2708060606060606,52.71666666666667
2020-01-28,0.23438599999999998,409,0.04405892103676912,0.29261730094799715,0.1369642857142857,0.22038095238095243,39.18888888888889
2020-01-29,0.23754399999999992,410,0.0490360659031545,0.2897867805541856,0.03534242424242424,0.16359696969696969,67.92222222222222
2020-01-30,0.23725624999999997,416,0.05832525691900693,0.28973597004847007,0.06250909090909092,0.1307818181818182,59.43333333333333
2020-01-31,0.23909999999999992,413,0.06110166151965515,0.2869710641446311,0.029846320346320347,0.1815194805194805,65.85555555555555
2020-02-01,0.24027599999999993,420,0.0604503235479798,0.28923571654040414,0.05584090909090909,0.2976363636363636,65.55
2020-02-02,0.24851600000000004,416,0.06447082709814192,0.27366216174086555,0.18946363636363636,0.3027787878787878,62.27777777777778
2020-02-03,0.2514780000000001,414,0.06554421530115977,0.27405996695348556,0.0381560606060606,0.25714949494949496,66.47777777777777
2020-02-04,0.25739199999999995,424,0.0652833412247475,0.27758656881313143,0.08877777777777776,0.26288888888888884,49.605555555555554
2020-02-05,0.27612599999999987,438,0.06053240740740742,0.2816200527285434,0.047400000000000005,0.25026666666666664,72.45555555555555
2020-02-06,0.280358,451,0.06377830856334042,0.2798554815672651,0.10257142857142858,0.17938095238095236,75.27222222222223
2020-02-07,0.2809240000000001,441,0.06700771540287671,0.2900311176278919,0.058311688311688314,0.14437229437229437,75.73333333333333
2020-02-08,0.27664000000000005,419,0.07295814093314094,0.28197441077441093,0.06949242424242424,0.30533030303030295,59.71666666666667
2020-02-09,0.28168800000000005,419,0.06466830335957854,0.27484204460714534,0.11537337662337661,0.21207792207792206,73.46666666666667
2020-02-10,0.274566,422,0.06791926939577948,0.2844668158090977,-0.00627272727272727,0.33042424242424245,69.30555555555556
2020-02-11,0.27509199999999995,422,0.06993074574707231,0.2884376073661788,0.140995670995671,0.1523347763347763,65.47222222222223
2020-02-12,0.29579400000000006,439,0.07007454700407723,0.2940743000474545,0.014458333333333335,0.15783333333333333,45.36666666666667
2020-02-13,0.3230060000000001,463,0.06909336219336222,0.2842190957190958,-0.044800000000000006,0.46679999999999994,68.84444444444445
2020-02-14,0.328472,466,0.07035065516920358,0.28542349764930414,0.10770454545454544,0.18118181818181817,69.02777777777777
2020-02-15,0.32609399999999994,455,0.06923958564583566,0.27963018463018463,0.06584242424242424,0.23352121212121213,66.20555555555555
2020-02-16,0.300744,454,0.07051079493754653,0.28460423157875386,-0.01414545454545455,0.17878181818181818,71.27222222222223
2020-02-17,0.28173000000000004,461,0.07329700714194386,0.28214365627340315,0.07403787878787879,0.25751515151515153,63.37777777777778
2020-02-18,0.2917080000000001,462,0.06705093344155844,0.2768807494588745,0.09044444444444444,0.18022222222222226,68.56666666666666
2020-02-20,0.27225400000000005,472,0.06911223580341228,0.2780937880202585,0.017795959595959598,0.1494161616161616,66.7388888888889
2020-02-21,0.274776,467,0.0670085127714998,0.275097508011469,0.055,0.22566666666666665,70.83333333333333
2020-02-22,0.274156,452,0.073086713357414,0.28384315171735564,0.041166666666666664,0.11547619047619047,66.10555555555555
2020-02-23,0.281312,452,0.07061221863769634,0.2807075187728055,0.12457575757575759,0.26469696969696976,65.15555555555555
2020-02-24,0.27260200000000007,454,0.06874114311614313,0.2781532934657935,-0.02202272727272728,0.11866666666666666,66.9888888888889
2020-02-25,0.2614699999999999,462,0.0697204988924734,0.27903908282093,0.01575,0.09666666666666666,61.81111111111111
2020-02-26,0.2376000000000001,477,0.06445349229623423,0.27372365358655676,0.018666666666666668,0.106,61.516666666666666
2020-02-27,0.23668600000000006,478,0.06128136523969859,0.26892681483367753,-0.02254545454545455,0.0981818181818182,68.33333333333333
2020-02-28,0.23629400000000003,480,0.05765020918835856,0.266395904780645,0.11081060606060607,0.22842424242424245,69.91111111111111
2020-02-29,0.23610799999999993,447,0.05379844783031059,0.266641708872101,0.05818181818181818,0.12927272727272726,63.17777777777778
2020-03-01,0.23042400000000005,443,0.05322462354350111,0.2655244500397561,0.1762545454545454,0.13734848484848483,68.2388888888889
2020-03-02,0.23458000000000007,444,0.048893557783863915,0.2549972391554024,0.06239393939393939,0.1124242424242424,64.67222222222222
2020-03-03,0.23500800000000008,443,0.04942427352341146,0.26202018958053436,0.12833333333333333,0.16,71.75555555555556
2020-03-04,0.23408800000000002,443,0.04706933546777297,0.2558336715367965,0.11206709956709955,0.22876652236652234,63.69444444444444
2020-03-05,0.239234,434,0.04676551602332853,0.25381399561087054,0.11462727272727272,0.2606909090909091,71.37777777777778
2020-03-06,0.24239000000000005,421,0.05174417277733604,0.25633235906195073,0.10750000000000001,0.26283333333333336,63.75
2020-03-07,0.241018,404,0.05502469657435411,0.2636987907450235,0.05981060606060606,0.14292424242424243,66.65
2020-03-08,0.223244,405,0.055313049773666204,0.26216703482970594,0.06926969696969698,0.2651393939393939,56.733333333333334
2020-03-09,0.20630400000000002,413,0.05175780555061377,0.26240399345707555,0.04241010101010101,0.23961515151515156,52.016666666666666
2020-03-10,0.21028200000000005,407,0.0509947249719977,0.2624549566595019,0.06290909090909091,0.2943636363636363,69.78888888888889
2020-03-11,0.20811999999999994,401,0.04404540759848979,0.25625777095811325,0.06837012987012986,0.22280519480519484,56.36666666666667
2020-03-12,0.17417600000000003,442,0.039911603807151745,0.26282152493625094,0.08711616161616162,0.23164646464646463,50.361111111111114
2020-03-13,0.15101599999999996,444,0.0423960168184306,0.2655675598348011,0.09957765151515151,0.27251515151515154,67.37777777777778
2020-03-14,0.15332400000000002,419,0.03611305076202336,0.26882324961948234,0.053551515151515156,0.16784242424242424,54.50555555555555
2020-03-15,0.15083,405,0.029741905821451278,0.2594173377127922,0.15906060606060607,0.2700909090909091,67.36666666666666
2020-03-16,0.14195999999999998,406,0.027934074614328237,0.2682333906699848,0.03606060606060606,0.14342424242424243,59.31666666666667
2020-03-17,0.147732,400,0.028356238017329557,0.26724786005595863,0.02689393939393939,0.15192424242424243,75.07222222222222
2020-03-18,0.14580599999999996,384,0.02496792369223876,0.27702887897237227,0.15123232323232322,0.3830707070707071,62.388888888888886
2020-03-19,0.155272,382,0.026333271105998375,0.2765199489063127,-0.004424242424242433,0.237030303030303,67.97777777777777
2020-03-20,0.163302,383,0.022450018487433453,0.2668579788817885,0.022010101010101008,0.11462626262626262,71.27777777777777
2020-03-21,0.15670800000000001,370,0.009991001282667951,0.2610934263267597,0.050060606060606055,0.1502020202020202,66.56666666666666
2020-03-22,0.15547,375,0.014010053072553076,0.25136864949364957,0.035663780663780675,0.21220202020202017,68.60555555555555
2020-03-23,0.153886,380,0.016228227315556083,0.26097643921274066,0.0893939393939394,0.2450909090909091,64.31111111111112
2020-03-24,0.16135199999999997,385,0.005139131860022267,0.26484793301574133,0.11672727272727272,0.21842424242424244,71.63888888888889
2020-03-25,0.161298,383,0.00272371052336805,0.26835249922578697,0.008505050505050505,0.17655555555555555,61.388888888888886
2020-03-26,0.163866,376,0.003874775972378711,0.2755633059228951,0.05960606060606061,0.27169696969696966,40.17777777777778
2020-03-27,0.17597799999999997,364,0.012600104269512162,0.27238918002075896,0.06141414141414142,0.2918989898989899,54.333333333333336
2020-03-28,0.17176399999999997,356,0.01615288261121595,0.29416066957733616,0.07789393939393939,0.1380909090909091,73.28888888888889
2020-03-29,0.17090400000000003,367,0.01017767149218762,0.2794138078170336,0.08206060606060606,0.2770909090909091,61.71666666666667
2020-03-30,0.17156000000000005,385,0.013409245284245282,0.2842278886028886,0.08578977272727271,0.18109090909090908,61.65
2020-03-31,0.17395600000000003,388,0.013294286575536576,0.2776494351494352,0.14779292929292928,0.17116161616161615,71.3
2020-04-01,0.172682,395,0.011164031320281318,0.2767034892034893,0.022030303030303032,0.19787878787878785,73.91666666666667
2020-04-02,0.17763200000000004,402,0.012727445383695381,0.277166370916371,0.07472727272727273,0.1900909090909091,65.0111111111111
2020-04-03,0.17950200000000002,402,0.008366357968630694,0.29037913265186,0.06270505050505051,0.3193353535353535,75.57777777777778
2020-04-04,0.180102,400,0.004660921613507818,0.28871873082217925,0.03906060606060605,0.20142424242424245,66.91666666666667
2020-04-05,0.17989199999999997,399,0.003979974208422481,0.2895363901743213,0.09506060606060605,0.1274242424242424,71.22777777777777
2020-04-06,0.18915999999999997,399,0.0005349972537472484,0.2826914333164334,0.0967013468013468,0.24479259259259262,58.361111111111114
2020-04-07,0.19873800000000003,396,0.006182289774976845,0.29031103879743336,0.0296040404040404,0.11518383838383839,73.70555555555555
2020-04-08,0.19893200000000003,400,0.017601152396985734,0.3031142456309123,0.12206060606060606,0.25242424242424244,64.01666666666667
2020-04-09,0.19914599999999996,393,0.012929014349847685,0.30417148468815136,0.06029999999999999,0.2617555555555555,71.08888888888889
2020-04-10,0.19008400000000003,388,0.014230816877628956,0.30204426011472996,0.08630303030303031,0.16478787878787882,74.13333333333334
2020-04-11,0.189116,382,0.011726427270091645,0.30396982710338877,0.08763484848484848,0.15988282828282827,70.27222222222223
2020-04-12,0.19116799999999998,381,0.01238361710725656,0.30648628330601124,0.11365367965367967,0.27984559884559884,68.55
2020-04-13,0.18498600000000004,340,0.023477283434475218,0.30445515988324207,-0.005878787878787879,0.09600000000000002,71.3
2020-04-14,0.18704199999999996,327,0.016983749647542748,0.3070964488895524,0.03474242424242424,0.19503030303030303,69.66111111111111
2020-04-15,0.185274,324,0.0187625719830581,0.314692026080915,-0.05866666666666665,0.31933333333333336,65.31666666666666
2020-04-16,0.18650399999999998,326,0.01865291450051724,0.3064260428815224,0.18499826839826838,0.39796796536796536,62.76111111111111
2020-04-18,0.19239399999999993,313,0.013671224644477576,0.3053942210930461,0.15201515151515152,0.31393939393939385,69.46666666666667
2020-04-19,0.19227199999999992,316,0.013197290967177325,0.2949957070411616,0.22994444444444442,0.4025,69.02777777777777
2020-04-20,0.18864600000000006,307,0.009948032364874624,0.2947795332413033,0.035,0.06733333333333333,58.28888888888889
2020-04-21,0.18392600000000006,324,-0.0011467405643542125,0.31011395028440475,-0.017212121212121213,0.2954199134199134,66.87222222222222
2020-04-22,0.18643800000000002,337,0.0009379330323687582,0.31369721547464496,-0.021939393939393943,0.24342424242424243,64.31666666666666
2020-04-23,0.19148000000000004,336,0.00035603648064461754,0.32122595110682883,-0.038999999999999986,0.3496666666666667,65.7
2020-04-24,0.19450800000000004,335,0.002051438779495187,0.3154788246700472,0.06006060606060606,0.16175757575757577,69.68888888888888
2020-04-25,0.19466799999999995,329,0.0062749073490044795,0.30448246849087446,0.052000000000000005,0.075,70.37777777777778
2020-04-26,0.19531000000000012,324,0.0052055800164402906,0.30205017284028873,0.06669444444444443,0.3516388888888889,67.67222222222222
2020-04-27,0.19681199999999996,323,0.012496417610053967,0.2935982868937414,0.09138181818181819,0.27823939393939395,54.9
2020-04-28,0.20532800000000007,321,0.009674523722354968,0.28772312006120687,0.046900000000000004,0.2589333333333333,49.68888888888889
2020-04-29,0.22081999999999993,331,0.00941690467239582,0.298717178467026,0.1285151515151515,0.22460606060606061,62.44378698224852
2020-04-30,0.22062200000000004,319,0.018108677952054147,0.29196186201269936,0.15650000000000003,0.22950000000000004,69.34444444444445
2020-05-01,0.21739200000000003,317,0.021013743902001468,0.29491725586422557,0.05028787878787879,0.11901515151515152,74.52777777777777
2020-05-02,0.22048799999999996,306,0.025732404870662442,0.30122779717476683,0.09866666666666665,0.2726060606060606,72.48333333333333
2020-05-03,0.22155600000000011,302,0.02589703255154942,0.30188722078802116,0.04449242424242425,0.1676969696969697,75.90555555555555
2020-05-04,0.215274,300,0.02647880318334864,0.2937435128588753,-0.01,0.222,63.01111111111111
2020-05-05,0.21769600000000003,303,0.02840121145163759,0.2984973818269272,0.002787878787878786,0.14618181818181816,69.44444444444444
2020-05-06,0.21838800000000005,305,0.029984095907480707,0.29413998200304664,0.07616883116883116,0.22599134199134194,72.76666666666667
2020-05-07,0.21622,307,0.03155450780805894,0.2983432737821942,0.08751515151515152,0.16577272727272732,68.91666666666667
2020-05-08,0.21847800000000006,317,0.026198177523935103,0.2958969474689172,0.012454545454545454,0.23118181818181818,74.01666666666667
2020-05-09,0.21935600000000005,315,0.019012771291559177,0.285132825367674,0.03884848484848484,0.23499567099567095,44.68333333333333
2020-05-10,0.1964539999999999,316,0.01933612322416472,0.2895632470144368,0.08793073593073593,0.1854920634920635,73.42222222222222
2020-05-11,0.194664,318,0.018027076377516264,0.27819153622526066,0.12340535714285712,0.3894809523809524,70.94444444444444
2020-05-12,0.19633800000000012,326,0.013622201558921705,0.27797181774454505,0.0827099567099567,0.36182683982683983,71.15
2020-05-13,0.19991400000000004,330,0.023065655708258213,0.2845117266373951,0.008825174825174822,0.22374825174825172,71.2
2020-05-14,0.20292600000000005,328,0.022662666146170546,0.2812045697866813,0.07392907092907093,0.24051448551448554,73.16666666666667
2020-05-15,0.20051600000000008,328,0.023128871983344127,0.28819880941801773,0.05604415584415585,0.32044761904761904,50.727777777777774
2020-05-16,0.19963599999999995,325,0.021914014541855455,0.2825444010955376,0.19135714285714286,0.32570562770562766,65.66666666666667
2020-05-17,0.20200400000000002,324,0.022545916344248698,0.28585814184176056,0.0723116883116883,0.17403896103896102,72.06666666666666
2020-05-18,0.20435799999999996,325,0.016525270562770568,0.2854856782106783,0.10721500721500721,0.2572453102453102,72.36111111111111
2020-05-19,0.20380999999999996,329,0.015418789081289089,0.28186530784030783,0.08933333333333333,0.14933333333333335,70.75555555555556
2020-05-20,0.20350800000000002,331,0.018919901076358034,0.28813743314571133,0.0,0.2,70.28888888888889
2020-05-21,0.19715800000000003,331,0.019246293073907454,0.28444173685186763,0.11266666666666665,0.22754545454545458,69.5111111111111
2020-05-22,0.198874,310,0.03698387275161967,0.2822290178385859,0.06356565656565656,0.19729292929292933,70.32222222222222
2020-05-23,0.20003200000000007,300,0.03587671754840429,0.29674905610899593,0.10392924783549783,0.24356277056277054,67.0111111111111
2020-05-24,0.19840999999999998,298,0.03765342269062506,0.2936689957969721,0.061493506493506496,0.20183549783549787,68.13333333333334
2020-05-25,0.194242,297,0.0362312428032125,0.2871552793446734,0.09181818181818181,0.09006060606060606,63.727777777777774
2020-05-26,0.19424200000000003,300,0.034838852007297125,0.2862791936496206,0.025957575757575763,0.22768636363636363,67.0
