Date,BTC_Price,Number_of_articles,news_sentiment,news_subjectivity,reddit_sentiment,reddit_subjectivity,google_trends
2018-09-25,6412.95520833333,7143,0.08698523740190409,0.2997495303745304,0.06867803030303031,0.2971471861471861,68.47777777777777
2018-09-26,6461.697708333333,7377,0.0865770111566572,0.300934742494477,0.034499999999999996,0.25097619047619046,82.17222222222222
2018-09-27,6520.382291666666,7524,0.08307633562019529,0.29774671843750783,0.09966666666666667,0.2597222222222222,76.30555555555556
2018-09-28,6663.895833333332,7474,0.08461705369194358,0.2949957250287647,0.08154545454545455,0.2395030303030303,84.37222222222222
2018-09-29,6542.571666666669,7281,0.08659249984362091,0.2962090313771928,0.1266060606060606,0.39809427609427606,79.27222222222223
2018-09-30,6583.546041666666,6866,0.07877053464755077,0.2909488066976546,-0.05942857142857143,0.33385714285714285,82.87777777777778
2018-10-01,6578.782708333332,6872,0.08518275890564704,0.2879845585667503,0.05854632034632035,0.33019249639249637,81.52222222222223
2018-10-02,6543.767916666668,7038,0.08119287085026762,0.28736001893111984,0.10083333333333332,0.24088492063492062,83.76666666666667
2018-10-03,6446.8475,7201,0.08377928741552011,0.2912846536464047,0.02546338383838384,0.2477409090909091,78.21111111111111
2018-10-04,6545.910208333334,7338,0.07761770685856771,0.2970057039396662,0.09498694083694083,0.22273318903318898,85.91666666666667
2018-10-05,6545.2160416666675,7288,0.07963409475821857,0.29277733948294693,0.11063636363636363,0.2153037518037518,79.26666666666667
2018-10-06,6558.6954166666665,7035,0.08191481542477919,0.294673133160452,0.042560389610389604,0.303337012987013,77.56666666666666
2018-10-07,6535.972708333331,6750,0.07808807635415646,0.2973289252324447,0.03448989898989899,0.22563997113997114,82.2
2018-10-08,6588.822500000001,6702,0.07138012340668592,0.29559403108465615,0.0998125,0.2027333333333333,68.43333333333334
2018-10-09,6587.029583333332,6834,0.07075201418951421,0.29764547450815926,0.06701818181818181,0.3373124579124579,32.65
2018-10-10,6518.158125000001,6961,0.07440722392231013,0.30214409370505435,0.09794372294372294,0.381085137085137,64.7611111111111
2018-10-11,6211.135833333335,6972,0.0741433921687545,0.28710130695034075,-0.06812768712768713,0.23363040663040663,84.55
2018-10-12,6201.129374999998,6937,0.07637259646405989,0.2899885058482619,0.0069494949494949484,0.18444444444444447,81.61111111111111
2018-10-13,6197.8983333333335,6683,0.07785343151436147,0.2938379321742848,0.06525533910533911,0.32476746031746034,79.57777777777778
2018-10-14,6226.804166666666,6521,0.08030042060349851,0.28428538948953513,0.0630909090909091,0.3081515151515151,46.3
2018-10-15,6371.270833333333,6618,0.07860049678330931,0.28587709385521876,0.10279978354978356,0.2355627705627705,59.166666666666664
2018-10-16,6439.904375000002,6796,0.08131513323832976,0.2864787908102584,0.12556818181818183,0.32110822510822506,82.6
2018-10-17,6437.727083333332,6918,0.08372514111530201,0.29411094829721063,0.04811904761904762,0.19662698412698412,80.57777777777778
2018-10-18,6425.969375000001,6960,0.07967019658465366,0.29679130014672933,0.03191077441077441,0.339023569023569,79.58333333333333
2018-10-19,6384.379791666664,6918,0.08175392391173641,0.2985766699735449,0.13833982683982687,0.3199978354978355,79.72777777777777
2018-10-20,6396.765624999999,6647,0.07711553743908543,0.2988234725198108,0.048000000000000015,0.2749404761904762,78.91666666666667
2018-10-21,6433.720624999999,6393,0.07442137260887262,0.298671857463524,0.07287878787878788,0.22350621600621604,71.07777777777778
2018-10-22,6403.748541666668,6426,0.08218529877196115,0.28898053776597576,0.07295151515151516,0.25982727272727274,79.66666666666667
2018-10-23,6393.632083333333,6758,0.07577366973304475,0.2956297769360268,0.06923333333333331,0.2502666666666667,52.16111111111111
2018-10-24,6425.328750000001,6967,0.07302703038160961,0.2881942628786687,0.0991047619047619,0.21018095238095236,78.88333333333334
2018-10-25,6401.016458333335,6935,0.08125364748825342,0.2964156608306853,0.10436233766233766,0.29522207792207794,81.06111111111112
2018-10-26,6400.593541666668,6803,0.08222388687873765,0.30688242589361986,0.11331406926406924,0.2657468975468975,82.66111111111111
2018-10-27,6407.326458333333,6641,0.0840356932266831,0.3036167329568344,0.10202727272727274,0.22145757575757574,17.288888888888888
2018-10-28,6403.337916666667,6458,0.08702804462147248,0.3072320963686943,0.036632900432900434,0.23460865800865802,79.28333333333333
2018-10-29,6329.108125,6539,0.08072735398539856,0.3054217743202891,0.08659646464646464,0.3040141414141414,82.3
2018-10-30,6264.214583333332,6904,0.07041267777275242,0.3040146310295564,0.18608106060606058,0.2803590909090909,85.63888888888889
2018-10-31,6276.338541666668,7246,0.06801939853076218,0.3049234829497987,0.2752509108946609,0.4067059163059163,81.54444444444445
2018-11-01,6310.7579166666665,7394,0.0608249316473001,0.3062431560996153,0.0492487012987013,0.14434329004329002,74.25
2018-11-02,6353.406666666667,7395,0.06021220225024574,0.30715986643522863,0.030369227994227997,0.2673048340548341,85.32222222222222
2018-11-03,6335.342708333334,7250,0.062058516642846805,0.3043206069581667,0.05588946608946608,0.3229532467532467,80.65
2018-11-04,6367.141666666666,7062,0.06270860134362495,0.29733101738408335,0.08309956709956708,0.23926839826839827,75.32777777777778
2018-11-05,6404.294583333333,6995,0.0797274881516588,0.3057712620449585,0.10195189995189997,0.3357479557479558,73.32777777777778
2018-11-06,6413.835625,7126,0.07356515390875581,0.29952463873672386,0.0756590909090909,0.2101818181818182,76.86666666666666
2018-11-07,6506.767500000001,7380,0.07008651104344887,0.29717559221745804,0.13018993506493506,0.35721645021645027,73.49444444444444
2018-11-08,6450.399583333333,7527,0.06841297591297593,0.29366550983738465,0.16501471861471864,0.3203605394605394,75.85555555555555
2018-11-09,6365.633750000002,7533,0.07010248112189862,0.2969623506213311,0.020944444444444443,0.29988888888888887,79.56666666666666
2018-11-10,6354.954999999999,7397,0.0734196332254585,0.3002795027248909,0.08937037037037036,0.27190740740740743,78.23333333333333
2018-11-11,6338.654999999999,7235,0.06821741221741225,0.3100685511578367,0.014743145743145745,0.26748376623376624,75.07222222222222
2018-11-12,6348.953125,7225,0.0747443270237388,0.3129340587244998,0.05613593073593073,0.32445030525030527,78.12777777777778
2018-11-13,6289.975833333331,7278,0.06372501015704901,0.3109072784012103,0.02288888888888889,0.13322222222222221,70.43333333333334
2018-11-14,6017.0075,7638,0.07440955422573073,0.3086100235548764,0.07258333333333333,0.27676111111111107,58.333333333333336
2018-11-15,5489.909583333334,7937,0.07122821419772642,0.29905771125893066,0.0774074074074074,0.4117253968253969,81.28888888888889
2018-11-16,5528.3829166666665,7904,0.07336019697670185,0.30223785181916235,0.06801616161616163,0.18202424242424242,85.00555555555556
2018-11-17,5487.158749999999,7763,0.0706553573179787,0.3015501495537902,0.05699278499278499,0.24279076479076475,82.32222222222222
2018-11-18,5535.970833333334,7666,0.0678236421076227,0.29481471266058634,0.0914016835016835,0.3670599326599327,75.03333333333333
2018-11-19,5195.227083333334,7925,0.059563890074453466,0.2943620900487096,0.14065569985569987,0.2811466089466089,65.21666666666667
2018-11-20,4531.474375000001,8294,0.05769087988730847,0.2876822476465332,0.11001515151515152,0.2848686868686868,77.79444444444445
2018-11-21,4446.358125,8597,0.06025758766914429,0.28716577840398577,0.04476430976430976,0.2813038720538721,84.72222222222223
2018-11-22,4465.81875,8742,0.060077922077922084,0.2876202053760192,0.0555,0.35050000000000003,83.50555555555556
2018-11-23,4249.706041666667,8748,0.06278709440406688,0.29281732793200665,0.015283333333333336,0.22830000000000003,83.78888888888889
2018-11-24,4206.190416666666,8506,0.06466407900945817,0.2957134650499578,0.07854191130050506,0.27738131313131315,57.06111111111111
2018-11-25,3757.1560416666666,8442,0.06398450026054193,0.2969722355833465,0.08255873015873016,0.29812698412698413,78.35
2018-11-26,3848.198333333332,8779,0.06110808764167794,0.28631793866926003,0.043959415584415594,0.3202139249639249,55.922222222222224
2018-11-27,3706.8879166666666,8968,0.0656686183577631,0.292903178084099,0.049944444444444444,0.23558333333333334,79.57777777777778
2018-11-28,4067.081666666667,9280,0.06753072259865738,0.29269249168705674,0.055166666666666656,0.22322222222222224,78.96111111111111
2018-11-29,4220.238125000001,9477,0.0692012295056476,0.295517871137483,-0.04179123263888889,0.20938888888888887,85.76666666666667
2018-11-30,4076.679166666667,9136,0.0740615262932741,0.29891489962839507,0.04257575757575758,0.32369696969696976,80.17222222222222
2018-12-01,4077.6716666666657,8816,0.07162804923834336,0.31237955671779194,0.02188095238095238,0.30816666666666664,39.57222222222222
2018-12-02,4122.644375000001,8701,0.07160075939605756,0.3132379909845505,0.060342857142857156,0.20453809523809524,80.89444444444445
2018-12-03,3926.453125,8764,0.06980914208530488,0.3124924745796838,0.06491565656565657,0.2505373737373737,80.59444444444445
2018-12-04,3903.682708333334,8955,0.07018704906204906,0.31385875364945126,0.08052012987012987,0.22670995670995672,80.12222222222222
2018-12-05,3800.523333333332,9079,0.07033465858986693,0.3190648883009994,0.14158495670995672,0.3527337662337662,80.08333333333333
2018-12-06,3688.985624999999,9137,0.05576386312100598,0.3142471655328797,0.07606060606060608,0.1628333333333333,71.80555555555556
2018-12-07,3357.110208333334,9083,0.055011298973563105,0.3270245582509733,0.04038181818181819,0.3090727272727272,78.4888888888889
2018-12-08,3389.391875,8824,0.05781050422198744,0.32323384218121054,0.024757575757575756,0.26763636363636367,78.8
2018-12-09,3470.5318750000006,8682,0.05781050422198744,0.32323384218121054,0.0015740740740740743,0.24342592592592596,81.02777777777777
2018-12-10,3471.7887499999993,8706,0.05672654774104048,0.3234100145694348,0.02769047619047619,0.27704232804232803,80.08333333333333
2018-12-11,3364.980208333334,8907,0.054836592169128034,0.32195279866332494,0.07966666666666666,0.16655555555555554,81.78333333333333
2018-12-12,3396.9649999999997,9093,0.05837450664505458,0.31559316254521724,0.047727272727272715,0.23463636363636364,82.69444444444444
2018-12-13,3359.9829166666673,9344,0.05928658366158367,0.30748945373945363,0.13660454545454548,0.3644670033670034,60.56666666666667
2018-12-14,3232.0641666666675,9426,0.06168425528719647,0.30234012719306835,0.17161038961038957,0.370034632034632,76.09444444444445
2018-12-15,3181.200416666666,9096,0.06045914955161531,0.30717504464079803,-0.009867171717171717,0.1677520202020202,77.27222222222223
2018-12-16,3217.277083333333,8847,0.061656280680253285,0.31339235472797117,0.07583333333333332,0.2627777777777778,79.44444444444444
2018-12-17,3334.733750000001,8842,0.06449113608360184,0.3097584125666318,0.1586489898989899,0.3686421356421357,75.61666666666666
2018-12-18,3508.366041666666,9076,0.06376063964197604,0.3120372919451261,0.07894444444444444,0.24077777777777779,69.11666666666666
2018-12-19,3751.8425000000007,9247,0.06543989414649137,0.31737369144487204,0.06895454545454546,0.33851515151515144,72.38888888888889
2018-12-20,3926.0858333333344,9039,0.07135292090475016,0.3101913370053614,0.031762626262626256,0.26486435786435786,69.91111111111111
2018-12-21,3973.669583333333,8727,0.07470261653855405,0.32138521923678176,0.10741507936507937,0.2064873015873016,63.69444444444444
2018-12-22,3853.7856250000004,8491,0.07019635890729639,0.3188783511049136,0.036446464646464644,0.1600020202020202,61.98888888888889
2018-12-23,3979.9891666666667,8366,0.06972382408350546,0.32252524220967843,0.10196010101010101,0.29487070707070706,69.48333333333333
2018-12-24,4127.298750000001,8274,0.06792451134179989,0.3184874763388445,0.0941518759018759,0.24673376623376622,68.01666666666667
2018-12-25,3770.2452083333337,8224,0.06792451134179989,0.3184874763388445,-0.0037121212121212135,0.2807580086580086,64.7611111111111
2018-12-26,3775.2567391304347,8180,0.07069505922318421,0.3196459254865505,0.06113856421356422,0.33632352092352086,61.63333333333333
2018-12-27,3718.1285416666665,7842,0.06885050193743085,0.3299776397460409,0.10393939393939393,0.24774242424242426,76.56111111111112
2018-12-28,3703.371041666666,7717,0.06564522582606337,0.3175801880719393,0.18559090909090908,0.2864491341991342,63.355555555555554
2018-12-29,3873.619375,7420,0.05062918183254002,0.3242207602375513,0.07360654160654162,0.1515897065897066,60.955555555555556
2018-12-30,3788.834791666666,7555,0.05805180964525022,0.3243483802363753,0.0769030303030303,0.36631515151515154,63.03333333333333
2018-12-31,3755.311458333333,7452,0.04800745402654268,0.3257649141362196,0.12209135101010102,0.27612255892255894,62.21666666666667
2019-01-01,3700.362291666667,7279,0.049093486510765914,0.33223419316250186,0.17744103896103894,0.4281191341991342,65.63333333333334
2019-01-02,3825.0689583333346,7461,0.046951642190876636,0.3298813483831426,0.04747835497835497,0.233241341991342,71.28888888888889
2019-01-03,3828.4679166666665,7598,0.054658027158027145,0.31544159444099346,0.21414502164502164,0.38613816738816736,78.53333333333333
2019-01-04,3785.6874999999995,7550,0.05127078939578938,0.3167709942078931,0.0678582251082251,0.3249718614718614,66.00555555555556
2019-01-05,3834.9979166666653,7371,0.04973523419278134,0.3161919102691509,0.0731388888888889,0.3087777777777778,61.81666666666667
2019-01-06,3871.4695833333335,7264,0.0339120552143808,0.32423471048761743,0.11783379028379028,0.29002328042328046,60.67777777777778
2019-01-07,4021.8802083333335,7165,0.04033045527149302,0.33378351023103386,0.12095584415584415,0.37095887445887443,66.7
2019-01-08,4006.4187500000007,7197,0.03622288591038592,0.32020147531866266,0.0728917748917749,0.22626623376623378,74.96666666666667
2019-01-09,4009.7527083333334,7441,0.03729721456994183,0.31599276399216575,0.15045000000000003,0.2832666666666667,70.03333333333333
2019-01-10,3795.2866666666664,7600,0.04153732841232841,0.3098859748469123,0.12110579455266952,0.32211789321789325,73.5
2019-01-11,3636.946041666666,7605,0.044256546507731316,0.31313471974313206,0.07667857142857143,0.2733690476190476,71.2
2019-01-12,3625.7752083333326,7399,0.039046182885045425,0.3223168422546384,-0.013373160173160172,0.3017138528138528,69.7
2019-01-13,3580.701458333333,7195,0.025443722943722942,0.3179268443362192,0.03548249158249159,0.44809997594997597,72.52222222222223
2019-01-14,3582.019583333334,6955,0.03227702444614209,0.31654661548963003,0.039067821067821064,0.20649062049062045,69.48333333333333
2019-01-15,3640.3718750000007,6862,0.039058763019159067,0.3235822019701968,0.07912337662337662,0.2503874458874458,71.95555555555555
2019-01-16,3604.254375,6966,0.05265415827297017,0.3294080702713127,0.003500000000000001,0.3540277777777777,72.45
2019-01-17,3603.3427083333336,7083,0.0391413967138605,0.3174888855776536,0.13099318181818184,0.22485714285714284,76.61666666666666
2019-01-18,3615.060208333334,7011,0.0366588416950736,0.32247412443970397,0.030638888888888893,0.17769444444444443,73.16666666666667
2019-01-19,3670.339375,6795,0.035731085876013424,0.3199653409526596,0.13246130952380952,0.3172142857142857,71.56111111111112
2019-01-20,3607.455208333335,6604,0.03734567852589697,0.32405194454951725,0.0926818181818182,0.3491818181818182,78.12777777777778
2019-01-21,3535.9783333333326,6482,0.0391836360976986,0.32241495194620184,0.056252525252525255,0.31656132756132754,59.861111111111114
2019-01-22,3551.0854166666663,6417,0.03837607295638697,0.31307898399685824,0.09261933621933624,0.3310404761904762,73.9
2019-01-23,3568.577291666666,6627,0.03504759118478632,0.3114395229883033,0.10771111111111113,0.3458,64.9
2019-01-24,3554.030208333332,6803,0.034465199555373686,0.31846669131494987,0.12592929292929292,0.26244949494949493,70.28888888888889
2019-01-25,3556.22625,6842,0.03375952625024408,0.32048798332214157,0.05515151515151514,0.2216439393939394,74.06666666666666
2019-01-26,3572.411041666668,6833,0.03375952625024408,0.32048798332214157,0.063,0.28478571428571425,66.9
2019-01-27,3544.0277083333326,6761,0.03444623767436268,0.3223499699374697,0.07223737373737373,0.25723569023569026,73.67222222222222
2019-01-28,3435.8937500000006,6788,0.03410426631556073,0.32206734372978013,0.05296060606060606,0.2708034632034632,68.63333333333334
2019-01-29,3398.389791666666,6775,0.045644112713628004,0.3285225125403696,0.05211341991341991,0.15892857142857142,59.01111111111111
2019-01-30,3423.357083333334,6916,0.046206159843402116,0.31365989799623806,0.08782020202020202,0.3086929292929293,70.73333333333333
2019-01-31,3425.5316666666663,7009,0.03947584119298038,0.3089445746597807,0.06662222222222222,0.2474222222222222,67.73333333333333
2019-02-01,3416.686666666667,7035,0.042444100480268,0.3123536049868536,0.04156060606060606,0.33351515151515154,75.06111111111112
2019-02-02,3433.1922916666676,6998,0.045417457705967806,0.3164763545003443,0.08148484848484848,0.2580151515151515,63.361111111111114
2019-02-03,3425.865208333333,6827,0.053190643792975424,0.3183738682637645,0.07138787878787878,0.20684848484848486,73.42222222222222
2019-02-04,3414.197291666666,6935,0.04442490060176232,0.316497502940322,0.044436026936026926,0.34253367003367,63.166666666666664
2019-02-05,3418.2875000000004,7096,0.045402764345583504,0.31764071699577007,0.122,0.41583333333333333,66.96666666666667
2019-02-06,3371.554791666667,7294,0.046132269406078924,0.3194822615655947,0.07512770562770563,0.22175346320346326,78.56666666666666
2019-02-07,3366.4070833333335,7482,0.05882746639325589,0.32070427963849,0.03834167869167869,0.28104757094757093,52.611111111111114
2019-02-08,3456.3922916666666,7489,0.06132452732452733,0.3106750706558399,0.09180507455507456,0.3102757335257335,70.68333333333334
2019-02-09,3615.827916666667,7327,0.06353062678062678,0.3047158582158582,0.07331060606060605,0.3498131313131313,67.07777777777778
2019-02-10,3608.639791666667,7156,0.0650933830692714,0.3038377936220576,0.05715638528138529,0.2462813852813853,67.29444444444445
2019-02-11,3596.2191666666663,7178,0.06459499820540429,0.3012148638163867,0.049011976911976916,0.29823225108225104,60.983333333333334
2019-02-12,3578.2974999999988,7215,0.058568425370455826,0.3041599876434902,-0.03195959595959596,0.2152828282828283,73.86666666666666
2019-02-13,3582.7277083333324,7388,0.05445358760013934,0.2882879107755955,0.08643939393939394,0.2518383838383838,71.5
2019-02-14,3569.508333333333,7633,0.06633958633958634,0.28820427720427727,0.1009238095238095,0.3636238095238095,60.638888888888886
2019-02-15,3571.595416666667,7594,0.0632217074013949,0.2963899410774411,0.10852020202020202,0.23749494949494954,63.205555555555556
2019-02-16,3588.7558333333345,7422,0.057871619600894215,0.2962235979334425,0.0856468253968254,0.3394960317460317,56.17777777777778
2019-02-17,3586.8008333333332,7320,0.05265294158789058,0.2855152840356922,0.10780735930735931,0.24905844155844156,58.7
2019-02-18,3758.2764583333324,7286,0.04970449879031969,0.2833175033921303,0.044781818181818187,0.16572424242424244,65.18333333333334
2019-02-19,3900.7593749999996,7329,0.05364573064449304,0.28637038703870393,0.09658567708333334,0.32854365079365083,66.52777777777777
2019-02-20,3911.2587500000004,7481,0.05632724879630822,0.286452895289529,0.09634848484848484,0.3994525252525253,75.7388888888889
2019-02-21,3907.2556250000002,7624,0.05392245717245718,0.283926517926518,0.0915173971861472,0.34363193843193846,76.27222222222223
2019-02-22,3926.794374999998,7600,0.04971902884530437,0.28519797096327715,0.008430447330447323,0.23564963924963928,43.1
2019-02-23,3982.049166666667,7453,0.05307259199134199,0.29665580808080816,0.07866666666666668,0.23683333333333334,67.28333333333333
2019-02-24,3992.0485416666666,7265,0.046262864994482636,0.29661554268171914,0.06341666666666666,0.2269545454545454,54.94444444444444
2019-02-25,3791.309791666666,7232,0.0498406021062271,0.2953593802031302,0.04056036556036556,0.2262506012506012,69.83333333333333
2019-02-26,3799.030208333333,7269,0.04825326487706869,0.29074101436840666,0.12451580086580089,0.30769870129870125,74.04444444444445
2019-02-27,3794.331666666667,7409,0.04695820785494699,0.2914265153123849,0.06964343434343434,0.27095555555555556,75.24444444444444
2019-02-28,3810.6489583333314,6798,0.05713801679971404,0.3050958139719608,0.030976190476190473,0.31172619047619043,76.65555555555555
2019-03-01,3813.327083333333,6825,0.06275728285475991,0.30857440724413204,0.03248333333333333,0.2681277777777778,68.97777777777777
2019-03-02,3805.1120833333334,6698,0.059316105406221675,0.30174153075606563,0.06617777777777778,0.25835555555555556,69.43888888888888
2019-03-03,3801.1354166666683,6719,0.059316105406221675,0.30174153075606563,0.074,0.274,67.31666666666666
2019-03-04,3723.1868749999994,6850,0.05348776318378591,0.2979960522432114,0.0215797619047619,0.2595690476190476,64.55555555555556
2019-03-05,3766.0237500000003,6658,0.057108517412646866,0.29682482644257197,0.07274458874458872,0.2826652236652237,72.01666666666667
2019-03-06,3840.5758333333342,6507,0.05294088789884753,0.2992575916651029,0.10633766233766234,0.40101948051948044,72.66111111111111
2019-03-07,3862.540208333334,6463,0.05498090072805982,0.30187174914731735,0.004411616161616159,0.25429184704184704,72.04444444444445
2019-03-08,3873.3433333333355,6365,0.05206386818214172,0.287503317663071,0.006510894660894664,0.3410841991341991,68.82222222222222
2019-03-09,3891.066666666667,6172,0.05143399498229044,0.2827151561611789,0.13161688311688313,0.19761038961038963,79.31111111111112
2019-03-10,3893.4012499999985,6156,0.05184426652892563,0.2916584855590538,0.013802020202020199,0.1909252525252525,68.35
2019-03-11,3863.3074999999994,6243,0.050408700096200104,0.2847682273723941,0.017984848484848482,0.19167171717171716,61.672222222222224
2019-03-12,3846.1772916666664,6191,0.0515198112073112,0.2842622668664336,0.057958333333333334,0.3145,72.58888888888889
2019-03-13,3854.097708333334,6156,0.05737768055312897,0.27910600371642974,0.04268560606060606,0.2693242424242424,68.48333333333333
2019-03-14,3850.101875,6164,0.06025858305824057,0.28472172941636414,0.11590097402597403,0.33976118326118326,73.04444444444445
2019-03-15,3878.5125000000003,6048,0.057802095927095905,0.29416490083156754,0.04839285714285715,0.20765367965367965,54.977777777777774
2019-03-16,3979.8147916666676,5896,0.05498819877183103,0.2872200113455719,0.12456666666666667,0.34517936507936503,54.98888888888889
2019-03-17,3963.42,5927,0.06028852781642958,0.2948676792370989,0.05588484848484849,0.26490909090909087,72.64444444444445
2019-03-18,3968.300833333333,6068,0.06704740324159965,0.2906704534717929,0.10293602693602695,0.39114478114478113,49.08888888888889
2019-03-19,3977.372291666666,6153,0.07449238881158524,0.29170648341407274,0.06381818181818182,0.22071060606060605,74.50555555555556
2019-03-20,3995.8466666666664,6137,0.07389280238610596,0.29330497792551363,0.10453787878787878,0.26012626262626265,64.35
2019-03-21,4004.2739583333337,6104,0.07390713360713362,0.3122588680866458,0.07079942279942279,0.25456360306360304,71.58888888888889
2019-03-22,3981.321250000001,6043,0.07485544435984964,0.31481928476972537,0.06502121212121212,0.3221818181818182,69.32222222222222
2019-03-23,3979.9768750000007,5945,0.0755383395843922,0.30639658810163195,0.08466666666666667,0.27541645021645017,66.19444444444444
2019-03-24,3967.9424999999997,5944,0.07391497512676551,0.305938590561953,0.048159307359307346,0.2385079365079365,56.361111111111114
2019-03-25,3947.932708333335,6058,0.07517284250836881,0.31290243605484835,0.047852813852813855,0.24039826839826836,56.75
2019-03-26,3907.4154166666667,6022,0.07496431024332809,0.3127817492940261,0.09789696969696969,0.2415060606060606,65.88333333333334
2019-03-27,3994.304583333334,5999,0.06907758147484173,0.3112543867852086,0.050071022727272735,0.2330559884559885,16.877777777777776
2019-03-28,4009.1943749999987,6231,0.06693345082919072,0.3130322486432352,0.09504166666666666,0.3193333333333333,73.21111111111111
2019-03-29,4058.4397916666658,6448,0.06599912562855038,0.3081723248482098,0.06895833333333333,0.26372222222222225,74.1
2019-03-30,4084.3289583333335,6534,0.06599912562855038,0.3081723248482098,0.0487982683982684,0.19723005050505055,62.31666666666667
2019-03-31,4088.969166666666,6401,0.06845119052530556,0.30920477322579093,0.07157386363636363,0.2769981962481962,68.38333333333334
2019-04-01,4126.468750000001,6323,0.06465123802793485,0.3008037431397159,0.09948881118881119,0.4002866355866356,30.727777777777778
2019-04-02,4655.430416666667,6603,0.05666443449338187,0.30404191142677983,0.14493357683982683,0.3097430735930736,80.56111111111112
2019-04-03,5032.642291666666,6801,0.06073056532839141,0.3113551551105899,0.05073917748917749,0.29755794205794206,67.73333333333333
2019-04-04,4965.017708333332,6963,0.060404165218575695,0.3161333747523704,0.22583333333333333,0.32833333333333337,76.77777777777777
2019-04-05,4979.0754166666675,6941,0.0708157571298597,0.318396499630474,0.09681801346801346,0.22676683501683503,72.60555555555555
2019-04-06,5043.681666666667,6808,0.06923781773781773,0.3164565145256634,0.03587012987012987,0.10294805194805194,71.0
2019-04-07,5128.411458333333,6688,0.07411313876057464,0.3100177179183589,0.09591650793650794,0.21091841269841272,54.05555555555556
2019-04-08,5239.818333333334,6678,0.07865196413273336,0.31439630229694343,0.13926666666666665,0.30493333333333333,70.40555555555555
2019-04-09,5218.875416666667,6847,0.0806684815659175,0.3176258505264916,0.11800000000000001,0.2021666666666667,51.38333333333333
2019-04-10,5271.028333333334,7023,0.08290474537283053,0.3188051528849402,0.10092063492063491,0.2773174603174603,76.03888888888889
2019-04-11,5125.781739130434,7179,0.07970236449050011,0.31526703581258675,0.007527777777777779,0.3177222222222222,70.81111111111112
2019-04-12,5047.393958333335,7157,0.08035133559811673,0.32722632934542806,0.027399999999999997,0.2641333333333334,75.2
2019-04-13,5084.219166666667,7033,0.0808196099493568,0.32507814794207207,0.053565656565656566,0.29192222222222225,67.16111111111111
2019-04-14,5078.945833333332,6863,0.07887168328375957,0.32332798380997546,0.056999999999999995,0.303,64.16111111111111
2019-04-15,5119.586458333335,6831,0.08415135278433152,0.33472405785703674,0.06211363636363637,0.17287878787878788,62.68888888888889
2019-04-16,5098.788541666668,6851,0.08813663949739903,0.33651920863946205,-0.07892424242424244,0.27903030303030296,68.7
2019-04-17,5218.820416666667,7015,0.0848055589511286,0.3339056331619624,0.005941798941798938,0.1507883597883598,75.9888888888889
2019-04-18,5264.946875000001,7131,0.0810889026798118,0.3368190413482622,0.025626118326118323,0.269431240981241,66.96666666666667
2019-04-19,5258.668333333332,7091,0.08791102297512557,0.33964319690281236,0.17952272727272728,0.32946464646464646,65.88888888888889
2019-04-20,5314.128958333333,6899,0.07897033403443662,0.3374679184775339,0.025256944444444453,0.27266666666666667,72.25
2019-04-21,5287.468333333334,6736,0.08226812076812082,0.3333709287166735,0.03711625781625781,0.31693309283309284,70.44444444444444
2019-04-22,5319.642708333334,6704,0.08624706694271915,0.3313274406752668,0.06803365800865802,0.2584701298701299,67.82222222222222
2019-04-23,5532.746666666665,6770,0.08539294772774954,0.33257334686850115,0.016321212121212132,0.2565777777777778,72.06111111111112
2019-04-24,5481.101875000001,6954,0.08302774837741803,0.32835166913360747,0.08526695526695528,0.3274083694083694,74.77777777777777
2019-04-25,5423.633958333335,7118,0.08670655885294047,0.3323104283630599,0.15414772727272727,0.3672272727272727,60.96111111111111
2019-04-26,5149.348541666667,7129,0.0883517562344655,0.33870464826411956,0.09639393939393937,0.2798686868686868,74.1
2019-04-27,5165.088958333333,7000,0.08944657224689696,0.33392652201093753,0.06578257575757576,0.3006808080808081,70.63888888888889
2019-04-28,5169.101250000001,6873,0.09586303222493182,0.33223696366709465,0.1132994708994709,0.19976402116402117,68.5
2019-04-29,5153.017500000001,6922,0.09694092673800471,0.32395528833840526,0.09385858585858589,0.30194949494949497,66.32222222222222
2019-04-30,5199.633541666667,6879,0.09550093048165739,0.32841960780286766,0.20258008658008658,0.34951298701298705,76.23333333333333
2019-05-01,5305.367291666666,6984,0.09578481794764693,0.33054609011845854,0.1229030303030303,0.29627272727272724,75.76666666666667
2019-05-02,5363.847499999999,6963,0.10103044196794199,0.33744562369562364,0.010839610389610394,0.23905483405483408,72.32222222222222
2019-05-03,5620.789791666665,6852,0.09887810344145961,0.3321397235438331,0.06910479797979799,0.2323282828282828,77.22777777777777
2019-05-04,5689.977916666667,6700,0.09683004399150232,0.32459590563757224,0.1283439393939394,0.25047424242424243,66.41111111111111
2019-05-05,5721.8204166666665,6558,0.0949419848584595,0.31703946591043347,0.053577958152958155,0.23746270951270948,72.7
2019-05-06,5655.195208333334,6634,0.0880754344035594,0.3166172099505431,0.08977647907647908,0.27711313131313126,60.333333333333336
2019-05-07,5864.249791666668,6849,0.09267897912589693,0.31632576201069346,0.03342451298701298,0.30722943722943724,80.53888888888889
2019-05-08,5841.827708333334,7168,0.09312242965367962,0.31846583971583964,0.07887878787878788,0.23577272727272727,78.31111111111112
2019-05-09,6048.673750000001,7243,0.09223343879593877,0.3172359172359172,0.07532337662337661,0.2987238095238095,74.3
2019-05-10,6289.326041666667,7124,0.08938984115531731,0.3188725930154501,0.10864761904761905,0.2994142857142857,61.12222222222222
2019-05-11,6809.507083333335,6993,0.0918915030001673,0.32132132708205735,0.14276190476190476,0.26659523809523805,59.077777777777776
2019-05-12,7139.8250000000035,6875,0.09030982731087771,0.32309799067556016,0.02545454545454546,0.22729292929292927,69.19444444444444
2019-05-13,7403.944166666668,7195,0.0920627785357926,0.3081675438946418,0.031204713804713805,0.27465387205387204,62.03333333333333
2019-05-14,7977.510625,7572,0.0881576494234057,0.3025845454732008,0.08860700757575757,0.31269696969696964,76.47222222222223
2019-05-15,8053.402500000001,7767,0.08708632972025829,0.3112954245989959,0.06683333333333334,0.29611111111111116,83.18333333333334
2019-05-16,7984.127291666664,7814,0.08875213365003563,0.3174676514851081,0.08885714285714286,0.21827380952380954,66.0111111111111
2019-05-17,7244.889791666665,7918,0.08826841284299268,0.31230013217408165,0.030750000000000003,0.23741666666666664,80.61111111111111
2019-05-18,7325.925416666665,7767,0.09083037770988293,0.31151815264610144,0.11874285714285715,0.31574523809523813,75.4888888888889
2019-05-19,7931.831458333334,7654,0.09056649659863944,0.3027589122517693,0.09939285714285714,0.20988095238095236,32.05
2019-05-20,7899.269791666666,7749,0.07716903836126525,0.2985804858073765,0.08751666666666665,0.29598333333333327,71.88333333333334
2019-05-21,7951.511666666666,7966,0.0806670109768849,0.3026098551308636,0.07032142857142856,0.32271428571428573,73.75
2019-05-22,7881.226458333332,8162,0.07911692705294562,0.2984259576283919,0.10551587301587301,0.31223015873015875,65.97777777777777
2019-05-23,7701.796041666666,8274,0.07232818764088783,0.2934060273842465,0.06933333333333333,0.3418269230769231,69.21666666666667
2019-05-24,7980.323333333334,8278,0.07587096396189441,0.29406166341316714,0.06037518037518039,0.21141197691197688,73.93888888888888
2019-05-25,8042.750000000001,8398,0.07658012322368525,0.2898248244723809,0.16377579365079364,0.32771428571428574,77.01666666666667
2019-05-26,8124.914375,7990,0.07153854448497306,0.2876854716140432,0.08448047138047138,0.1961114478114478,61.63333333333333
2019-05-27,8779.929166666667,8023,0.07722214951354558,0.290810632729464,0.01703391053391053,0.15942784992784995,71.39444444444445
2019-05-28,8723.7986,8230,0.07585851314990924,0.2928182084870397,0.13473051948051948,0.23064935064935066,61.62777777777778
2019-05-29,8643.0244,8359,0.07946834938397847,0.2979316365882552,0.09600374625374623,0.26345063270063274,68.5
2019-05-30,8616.635999999997,8614,0.07946834938397847,0.2979316365882552,0.10891666666666669,0.17044444444444445,62.727777777777774
2019-05-31,8354.9974,8553,0.079777634899686,0.29993936127946613,0.0928659090909091,0.348079797979798,63.855555555555554
2019-06-01,8542.668000000003,8378,0.0809214092969053,0.2987235220320539,0.08583838383838384,0.2491031746031746,57.02777777777778
2019-06-02,8671.722800000001,8262,0.08281184139567076,0.30223432450118964,0.04189393939393939,0.23383333333333334,63.327777777777776
2019-06-03,8499.777399999999,8318,0.08035105731045064,0.3041787843598021,0.11260867604617605,0.3131980519480519,58.02777777777778
2019-06-04,7834.6536000000015,8155,0.08868908534025949,0.3072657532001956,0.19512626262626262,0.2423838383838384,60.25555555555555
2019-06-05,7772.596400000001,8304,0.08447495352771325,0.30552506602344276,0.12305454545454544,0.3438484848484849,61.638888888888886
2019-06-06,7752.1986,8406,0.07989562984230643,0.3074489208616194,0.04240634920634921,0.16234163614163613,61.83888888888889
2019-06-07,7939.344199999998,8294,0.08291135437825127,0.30836797262336363,0.03933333333333334,0.29650000000000004,59.81111111111111
2019-06-08,7937.4256,8057,0.08240187957632364,0.3123963629960937,0.07412438672438673,0.2268460317460317,53.93333333333333
2019-06-09,7788.645800000001,7730,0.07940817636263638,0.31312914908437817,0.14382310606060605,0.3044646464646465,62.172222222222224
2019-06-10,7826.858000000003,7624,0.07353569233181625,0.31196994703934466,0.04742568542568543,0.1698210678210678,64.33888888888889
2019-06-11,7897.241000000001,7605,0.07671582254035306,0.3109457774011766,0.14361616161616161,0.30029725829725834,53.36666666666667
2019-06-12,8045.151599999999,7718,0.07178187323033293,0.3026819669710666,0.14329671717171716,0.28579710567210564,59.93333333333333
2019-06-13,8171.001999999997,7826,0.0671206138019518,0.2976876878989556,0.06616666666666665,0.20405555555555555,58.23888888888889
2019-06-14,8365.477600000002,7577,0.07004035834095357,0.2978135968969303,0.08727907647907647,0.2543381673881674,57.522222222222226
2019-06-15,8732.536600000001,7184,0.0713903603296632,0.3109417943612656,-0.012615151515151517,0.26349393939393934,64.46111111111111
2019-06-16,9080.9494,6961,0.07187153485629094,0.30418950132974526,0.13172251082251082,0.3372623376623376,50.25555555555555
2019-06-17,9235.995600000004,6690,0.0745985223200029,0.3139178732989412,0.05777922077922079,0.3438170274170273,64.20555555555555
2019-06-18,9142.5374,7358,0.06849871308101507,0.2882343163345638,0.18178427128427133,0.3253298701298701,66.99444444444444
2019-06-19,9151.752200000003,7684,0.07078281643269205,0.2839473017769037,0.10612121212121213,0.19684848484848488,64.64444444444445
2019-06-20,9358.784375000001,7940,0.06799334749145354,0.2906978382167775,0.14817936507936508,0.3064849206349206,63.33888888888889
2019-06-21,9814.854399999998,8014,0.07243774920751961,0.28617847760704895,0.08635714285714284,0.34385714285714286,54.99444444444445
2019-06-22,10707.439000000002,7921,0.06832285407727326,0.2833666044019578,0.029375,0.24833333333333332,74.05
2019-06-23,10739.5128,7837,0.06554618193471284,0.286618678190843,0.06437301587301587,0.3209920634920635,65.85555555555555
2019-06-24,10849.5592,7957,0.0681242254297101,0.2956092877266346,0.12405974025974027,0.31555064935064936,72.28333333333333
2019-06-25,11332.781799999999,8070,0.06772420227823871,0.29617495014630424,0.0655,0.2222222222222222,56.638888888888886
2019-06-26,12623.7738,8504,0.0666860675204425,0.28376822991822986,0.11917755102040814,0.30962721088435374,43.388888888888886
2019-06-27,11754.967000000002,8819,0.06677055888187727,0.27644516714168454,-0.007580663780663786,0.2114940836940837,65.84444444444445
2019-06-28,11700.371799999999,8996,0.051807187738374595,0.26688841274699854,-0.0500611471861472,0.17917316017316015,71.63333333333334
2019-06-29,11850.991799999996,8832,0.053775586385511026,0.2631370658003823,0.07109259259259261,0.34355555555555556,64.96666666666667
2019-06-30,11501.263800000004,8515,0.057429899368351155,0.2624867114461023,0.12040230880230882,0.28813362193362196,65.75555555555556
2019-07-01,10672.6024,8592,0.05738979564804434,0.2650824659454101,0.0762121212121212,0.30750865800865795,76.22222222222223
2019-07-02,10336.73,8868,0.07312409663585404,0.2784123829049571,0.0024067234848484877,0.2376666666666667,76.6
2019-07-03,11357.220999999998,9068,0.06951194970687542,0.28280478643102397,0.029796969696969697,0.26927878787878784,66.03888888888889
2019-07-04,11732.3354,8993,0.0744325658908992,0.2756865048531715,-0.04735909090909091,0.22203636363636364,67.47222222222223
2019-07-05,11129.723199999999,8983,0.07831794955843176,0.2833300066168086,0.03902918985776129,0.2232274582560297,65.9888888888889
2019-07-06,11408.058999999997,8796,0.07494512069953986,0.28580192861758513,0.08539177489177488,0.25010173160173155,60.09444444444444
2019-07-07,11316.508200000004,8682,0.08000032026413934,0.28630644806524197,0.11616897546897548,0.3062063492063492,55.74444444444445
2019-07-08,11821.624000000002,8741,0.0765367206507983,0.27919793169793167,0.07224242424242425,0.29087037037037033,65.22222222222223
2019-07-09,12513.241600000001,8977,0.07923541656300279,0.274980297935963,0.09666666666666669,0.298,68.74444444444444
2019-07-10,12600.3162,9155,0.07687802376515969,0.28040129683333576,0.0458968253968254,0.23522619047619045,72.81111111111112
2019-07-11,11568.035000000005,9412,0.07669084158818458,0.2845497998155004,-0.021877489177489173,0.25905281385281387,68.45
2019-07-12,11584.140000000003,9699,0.07222135374913152,0.2894709227076377,0.09564523809523809,0.2555452380952381,71.18333333333334
2019-07-13,11416.632399999997,9547,0.0710777099058349,0.29099784474784474,0.1376111111111111,0.38295366300366296,60.522222222222226
2019-07-14,10809.549200000001,9397,0.07651185908998409,0.2905352864727865,0.11867200577200578,0.31127705627705626,62.96111111111111
2019-07-15,10430.7606,9530,0.07233705245666967,0.2871717833380513,0.11411515151515152,0.31872626262626264,63.47222222222222
2019-07-16,10325.3746,9859,0.07381205913225618,0.29234569184692344,0.12742914862914864,0.23134689754689752,65.95555555555555
2019-07-17,9582.5892,10067,0.07327159715509228,0.2879527738083564,0.06719318181818182,0.17456565656565654,68.46111111111111
2019-07-18,10083.972800000001,10160,0.07340840872090872,0.2879083561114812,0.08751428571428574,0.226247619047619,36.97222222222222
2019-07-19,10475.5438,9542,0.06961720756532076,0.2868071692894807,0.009000000000000003,0.15466666666666667,67.14444444444445
2019-07-20,10686.9968,9206,0.07154714364016689,0.2885110378424332,0.05557575757575758,0.28577474747474746,56.922222222222224
2019-07-21,10569.729400000002,8926,0.07181525350506832,0.27819836649119056,0.02915151515151515,0.1527995670995671,51.94444444444444
2019-07-22,10435.253,8777,0.07014545831366108,0.2722679034142168,0.03395454545454545,0.19068181818181817,61.62222222222222
2019-07-23,10054.9574,8801,0.07545261979017738,0.27829412181946744,0.014462910353535353,0.17612752525252526,72.55
2019-07-24,9714.413599999998,8790,0.0702957849574822,0.27091639417327484,-0.008267676767676764,0.292070707070707,58.02777777777778
2019-07-25,10011.256599999999,8613,0.07099078137320146,0.2694771151392156,0.16614264069264068,0.333543722943723,53.25
2019-07-26,9785.6326,8415,0.06554035712667998,0.2637258232549712,0.09221818181818181,0.3613018759018759,56.333333333333336
2019-07-27,9709.486799999999,7959,0.07268508313806477,0.27129876749142795,0.036238095238095236,0.14354761904761904,59.16111111111111
2019-07-28,9490.6758,7550,0.07008040633608814,0.26891935589662863,0.023260606060606058,0.26452424242424244,55.37777777777778
2019-07-29,9530.212799999998,7345,0.07530311967811967,0.268477210977211,0.030177056277056274,0.2283012987012987,61.65555555555556
2019-07-30,9543.159999999998,7575,0.07433829809950887,0.26758399174318465,0.12183549783549781,0.2528961038961039,62.03333333333333
2019-07-31,9868.183,7691,0.07320236632736633,0.2672400484900486,0.03956818181818182,0.2152034632034632,59.41111111111111
2019-08-01,10095.612599999999,7768,0.07392103432282003,0.2676340090960628,0.17705154607297466,0.2982838589981447,62.394444444444446
2019-08-02,10472.366,7666,0.06958132207026013,0.26452944425289565,0.002375757575757573,0.3137858585858585,52.105555555555554
2019-08-03,10785.8994,7385,0.06141578763303653,0.2542081450815076,0.01966666666666667,0.20694444444444443,55.31111111111111
2019-08-04,10826.319,7193,0.06473491968557757,0.2524302865750235,0.23048863636363634,0.32954545454545453,61.7
2019-08-05,11685.300399999998,7250,0.059006879684192444,0.2509138267508312,-0.022854978354978357,0.21456673881673877,68.47222222222223
2019-08-06,11736.482200000004,7255,0.05765374798965106,0.2450919992880346,0.1196969696969697,0.3152060606060606,62.388888888888886
2019-08-07,11712.589199999999,7360,0.04980014119022738,0.25552666442752653,0.011418181818181822,0.24339999999999995,66.70555555555555
2019-08-08,11799.073799999998,7429,0.05009147148339288,0.25508245272437424,0.20302008928571427,0.3421071428571429,64.43333333333334
2019-08-09,11822.6152,7309,0.04910177991651205,0.2614385564831994,0.0998,0.24473333333333333,60.66111111111111
2019-08-10,11565.688000000002,7064,0.03935182464594231,0.2499880674880675,0.04925505050505052,0.2598333333333333,43.92777777777778
2019-08-11,11382.208,6849,0.037398163179413184,0.25236690649885096,0.07212626262626262,0.21773737373737376,58.19444444444444
2019-08-12,11390.929799999998,6629,0.04135673033242478,0.25356581689915025,0.07050498737373737,0.2831540404040404,63.544444444444444
2019-08-13,11120.687399999997,6372,0.04542421112626593,0.2637784893949278,0.07293722943722944,0.3363566378066378,60.65
2019-08-14,10421.8164,6529,0.043813254784236935,0.270617830623411,-0.07220454545454545,0.27515151515151515,61.18888888888889
2019-08-15,10018.4484,6626,0.04265556624445513,0.268266936561381,0.054777777777777786,0.22755555555555557,65.81111111111112
2019-08-16,10231.808200000001,6412,0.03562928856623546,0.2828014074584871,-0.03293939393939394,0.14353852813852813,51.06111111111111
2019-08-17,10288.288799999998,6058,0.032959538218348794,0.28640117876902016,0.03565454545454545,0.17081515151515153,57.53333333333333
2019-08-18,10294.192200000001,5819,0.03286677095533598,0.2867817724544182,0.028144444444444437,0.15441904761904765,46.31111111111111
2019-08-19,10625.360200000001,5821,0.02895511731067287,0.2819784324728769,0.04347522095959595,0.326252886002886,65.30555555555556
2019-08-20,10752.271400000001,5858,0.01893495106990682,0.28252483484231267,0.07853333333333333,0.16899999999999998,63.955555555555556
2019-08-21,10177.0656,5985,0.020756817658991577,0.29110295240186534,0.08262499999999999,0.31728571428571434,51.58888888888889
2019-08-22,10044.5418,6114,0.01635866120844662,0.29656443084018175,0.023250000000000003,0.2003333333333333,53.19444444444444
2019-08-23,10269.444800000001,6100,0.012361880092566786,0.2962568485798099,0.0613531746031746,0.3029452380952381,60.35
2019-08-24,10157.344600000002,5944,0.010289276372967369,0.297721440854488,0.034287878787878784,0.22818181818181812,52.5
2019-08-25,10115.831199999997,5837,0.010472921338722208,0.2968725338314082,0.0854891774891775,0.2341861471861472,54.35
2019-08-26,10339.659,5800,0.007747794014169564,0.29998932451989213,0.07712121212121213,0.2878484848484848,56.25
2019-08-27,10171.8964,5787,0.003418112316790732,0.3045707282601555,0.06033333333333334,0.21900000000000003,51.13333333333333
2019-08-28,10028.3552,5975,0.0009827818485827176,0.30167893113780553,0.04059126984126984,0.18173015873015874,65.36111111111111
2019-08-29,9513.662399999997,6111,-0.00020679910766117137,0.304988265246886,0.13042775974025975,0.348279761904762,72.22777777777777
2019-08-30,9539.741000000002,6072,-0.0036125218376300643,0.305360771183282,0.08014772727272726,0.1760151515151515,71.87777777777778
2019-08-31,9594.984600000003,5926,-0.006866608407556683,0.31084086451543347,0.11569444444444445,0.31658119658119666,67.83333333333333
2019-09-01,9635.5446,5728,-0.006629856768745663,0.31092627023182584,-0.04260606060606059,0.20809090909090908,41.78888888888889
2019-09-02,9969.089799999998,5718,-0.0016954422990747824,0.31513204783503934,0.13823333333333335,0.2661,67.6
2019-09-03,10526.673799999999,5743,-0.0004902725235343308,0.3154115845210266,0.017352380952380956,0.12462857142857142,72.85555555555555
2019-09-04,10559.1586,5858,-0.003195607081590354,0.31412796911750884,0.17364141414141415,0.2609502164502165,75.27777777777777
2019-09-05,10562.7024,5949,-0.0018407555175337668,0.3205062317196208,0.07040896464646465,0.14575959595959595,75.1
2019-09-06,10636.652400000003,5872,0.0014664954907570912,0.3274830775569171,0.032,0.334047619047619,72.28333333333333
2019-09-07,10423.7082,5724,-0.00024086137627804665,0.3300559427069843,0.08308282828282827,0.1732686868686869,75.94444444444444
2019-09-08,10454.456,5605,0.010826020237478574,0.33086166360645525,0.13713833573833573,0.3081981721981722,58.47222222222222
2019-09-09,10298.6704,5631,0.01350763895333567,0.3378311770576115,0.12592727272727272,0.28244646464646467,74.02222222222223
2019-09-10,10216.794599999996,5681,0.016370769675072956,0.3476680114436263,0.0888,0.23920000000000002,55.638888888888886
2019-09-11,10066.898399999998,5809,0.013392145531373183,0.34839835281400333,0.21475108225108225,0.38585769785769786,63.94444444444444
2019-09-12,10228.9466,5967,0.009432830565002702,0.34517240254432885,0.04462121212121211,0.3446818181818182,56.08888888888889
2019-09-13,10316.9626,5928,0.01099781864823358,0.35186649776380063,0.07665151515151515,0.1715151515151515,51.772222222222226
2019-09-14,10342.141200000002,5801,0.01351686836951065,0.3437255357936253,0.008287878787878787,0.2101818181818182,52.7
2019-09-15,10315.637600000002,5649,0.013625442584626264,0.3352905722395519,0.08308376623376622,0.23091861471861472,44.56111111111111
2019-09-16,10250.074399999998,5658,0.01944297973531845,0.3562121637323251,0.005203030303030305,0.20538787878787876,55.62222222222222
2019-09-17,10212.934399999996,5705,0.024259771421656664,0.3547812569943719,0.07139393939393938,0.20510678210678207,53.827777777777776
2019-09-18,10190.116,5835,0.027072316572316575,0.3565644627481364,0.11580555555555558,0.3456944444444445,48.983333333333334
2019-09-19,10003.892,5977,0.02385736028808318,0.36590588795408086,0.02014141414141413,0.3014343434343434,53.333333333333336
2019-09-20,10168.8534,5897,0.01896350713423884,0.36547621134511393,0.1452941524621212,0.2805959595959596,53.5
2019-09-21,10032.048999999999,5716,0.02225670679183076,0.3671809360290767,0.08602676767676767,0.29531666666666667,49.483333333333334
2019-09-22,9977.303399999999,5604,0.024338079615857388,0.3698225408564916,0.11153030303030304,0.22975757575757572,48.93888888888889
2019-09-23,9863.9594,5624,0.026949543653625292,0.36690314843886274,0.024454545454545458,0.22766666666666668,51.516666666666666
2019-09-24,9392.954199999998,5666,0.032801208850591575,0.37062937462628825,0.10676695526695527,0.2410750360750361,36.455555555555556
2019-09-25,8441.7418,5867,0.034796255168155994,0.37468615349297174,0.03855555555555556,0.22466666666666665,57.40555555555556
2019-09-26,8235.206999999999,5972,0.030991031011273932,0.3742569772782324,0.10109259259259261,0.12743915343915344,61.30555555555556
2019-09-27,8045.937000000002,5983,0.03672189477189479,0.36827661505161513,0.01242857142857142,0.26269264069264064,58.74444444444445
2019-09-28,8164.516600000003,5851,0.03996507331873187,0.37130702235885166,0.0363030303030303,0.24909090909090906,55.74444444444445
2019-09-29,8070.225,5675,0.0460176200010225,0.37599537795077215,0.10808600288600287,0.33545281385281384,56.227777777777774
2019-09-30,8086.806799999999,5497,0.049701610446291296,0.3725470575523766,0.042671717171717166,0.2641821789321789,59.78888888888889
2019-10-01,8363.712800000001,5651,0.04689431243861624,0.3777081670087999,0.12403881673881674,0.3773507936507937,47.638888888888886
2019-10-02,8263.1146,5771,0.04996772126060829,0.37907788016260824,0.15012121212121213,0.3325151515151515,57.75
2019-10-03,8239.5288,5833,0.04084225619668658,0.37489209302183985,0.014096320346320346,0.3206623376623377,57.55
2019-10-04,8145.700999999998,5850,0.03410308742183742,0.387919693963444,0.08634632034632034,0.16568085618085618,54.266666666666666
2019-10-05,8111.626400000001,5733,0.034571510079878284,0.38661105073448176,0.0942439393939394,0.34420757575757577,44.81111111111111
2019-10-06,7967.268799999999,5618,0.03072019338686005,0.3867054766221434,-0.03331235827664399,0.2368605442176871,51.144444444444446
2019-10-07,8049.949000000001,5624,0.028774882445141068,0.38916346967209053,0.10581818181818184,0.23133333333333328,53.07222222222222
2019-10-08,8208.419999999998,5761,0.02867839028583709,0.3861510454084924,0.044194444444444446,0.31822222222222224,55.172222222222224
2019-10-09,8351.858800000002,5919,0.02724221114094531,0.3872705566819493,0.140125,0.3157619047619048,51.422222222222224
2019-10-10,8559.734199999999,5909,0.02204926382468755,0.3781476447281534,0.10092164502164504,0.2962832611832611,57.18333333333333
2019-10-11,8396.6402,5913,0.017819058147384326,0.3754665973035073,0.13064583333333335,0.2819909090909091,54.8
2019-10-12,8335.529600000002,5811,0.016171726501467875,0.3727746429815397,0.045289898989898984,0.24810955710955715,49.56111111111111
2019-10-13,8356.9102,5676,0.016424208361976597,0.37149664022196227,0.14208484848484848,0.3614818181818182,39.827777777777776
2019-10-14,8312.1156,5668,0.013367248068121422,0.3776315830376968,0.07070649350649351,0.20375021645021646,24.544444444444444
2019-10-15,8259.808600000002,5813,0.012213644380311046,0.3783863024564781,0.07566666666666666,0.14400000000000002,48.8
2019-10-16,8056.6536000000015,6086,0.009024695908975377,0.37100009346952595,0.046904761904761914,0.26774603174603173,47.266666666666666
2019-10-17,8034.623199999997,6101,-0.003323042060819857,0.35546169205280326,0.012771428571428576,0.2416809523809524,60.08888888888889
2019-10-18,7960.560399999999,6094,-0.0035783731494842632,0.35874227566672023,0.06541666666666668,0.4222222222222222,41.077777777777776
2019-10-19,7962.4446,6018,0.0019990316422034407,0.356779098939892,0.06642279942279943,0.2300793650793651,38.35
2019-10-20,8029.870400000001,5768,0.006207167441611885,0.36255937256159476,0.049567878787878786,0.27642,42.03888888888889
2019-10-21,8224.9948,5823,0.016899523704958484,0.3603418982788547,0.15814393939393936,0.3668636363636364,42.833333333333336
2019-10-22,8193.2092,6132,0.02363005481781852,0.35944848677654595,0.08158888888888889,0.23683174603174603,39.59444444444444
2019-10-23,7727.8688,6265,0.022610364241165918,0.35195903529975275,0.10258311688311687,0.17585483405483404,47.93333333333333
2019-10-24,7448.480000000001,6202,0.02014110700907237,0.3527281405062792,0.07299343434343435,0.347123088023088,45.888888888888886
2019-10-25,7946.642800000001,6152,0.01923322199830819,0.3594848562596409,0.09253968253968255,0.2686507936507937,41.62222222222222
2019-10-26,9334.153199999999,5978,0.018342456725573598,0.35552158723911986,0.008045454545454534,0.25687373737373737,63.294444444444444
2019-10-27,9419.392,5855,0.020352553222597262,0.3647912240720612,0.07412121212121212,0.1966818181818182,61.18888888888889
2019-10-28,9467.5856,5932,0.018146407934617536,0.3613205337845078,0.1845311688311688,0.28894199134199133,61.105555555555554
2019-10-29,9373.9956,6104,0.02200317398386067,0.35929565272591035,0.14746515151515152,0.3501489177489177,55.16111111111111
2019-10-30,9188.6958,6317,0.015954218766450517,0.36250613740098725,0.11717777777777778,0.22148015873015875,54.166666666666664
2019-11-01,9164.2662,6392,0.017921163920113496,0.3583027892975372,0.09416666666666666,0.1873333333333333,62.522222222222226
2019-11-02,9284.7372,6216,0.01865760185441036,0.3584369684688834,0.04091530321530321,0.27917627187627186,61.111111111111114
2019-11-03,9219.0754,6121,0.013929642887976225,0.3649188928355595,0.0389459595959596,0.27118282828282825,34.25555555555555
2019-11-04,9262.1358,6092,0.017181207114880588,0.35147706658420935,0.04903015873015873,0.3528825396825397,59.40555555555556
2019-11-05,9343.458999999999,6102,0.020423282857493376,0.3455699782673466,0.12984343434343432,0.371963924963925,63.44444444444444
2019-11-06,9334.4114,6267,0.02265000350526666,0.3463796948665369,0.03314682539682538,0.26115674603174605,67.34444444444445
2019-11-07,9228.939800000002,6409,0.019248405483405475,0.33506177489177474,0.023454545454545447,0.16684848484848488,55.78333333333333
2019-11-08,8967.252600000002,6413,0.008794396727663658,0.3315276556113208,0.09716691403834261,0.3337584415584416,48.5
2019-11-09,8805.5036,6267,0.010796240981240976,0.32895376623376615,0.10936363636363636,0.2837121212121212,65.94444444444444
2019-11-10,8895.7158,6109,0.013224403971415923,0.33137070764560794,0.041605579605579604,0.3512141895141896,55.62777777777778
2019-11-11,8791.3932,6111,0.012244543650793648,0.3332699342757936,0.16798225784632034,0.24959090909090914,62.65555555555556
2019-11-12,8735.9456,6159,0.019169312169312173,0.3276581076875194,0.16018311688311687,0.25747196248196247,82.50555555555556
2019-11-13,8748.926800000001,6308,0.014959048417546441,0.3243588624813921,0.08509821428571432,0.2349523809523809,56.26111111111111
2019-11-14,8651.633000000002,6418,0.009872907075288026,0.32811623891981034,0.175,0.36295238095238097,75.08888888888889
2019-11-15,8531.4602,6412,0.008567194082758288,0.32474533644767095,0.06115352272727272,0.1369709090909091,74.96111111111111
2019-11-16,8472.306200000003,6248,0.01407316871602586,0.32395170216598784,0.036400726010101005,0.23237626262626257,71.4888888888889
2019-11-17,8514.7518,5979,0.011656273283724266,0.3278268209640759,0.05004910714285714,0.2884761904761905,60.2
2019-11-18,8367.9728,5965,0.018755569724561976,0.3263546129437603,0.010251515151515152,0.21102727272727273,71.62777777777778
2019-11-19,8109.920199999999,5963,0.014356395154060524,0.3197219087296908,0.015474799010513296,0.34158503401360546,67.67222222222222
2019-11-20,8097.175,6051,0.010749213963499666,0.31056369449226595,0.0952102813852814,0.3185636363636364,82.70555555555555
2019-11-21,7835.795399999997,6123,0.009396180631589179,0.3108324536826482,0.06332756132756133,0.36561038961038966,64.66111111111111
2019-11-22,7339.7136,6138,0.0017453111996762682,0.31013799178481716,0.03699545454545454,0.22316868686868685,62.422222222222224
2019-11-23,7246.735199999999,5985,-0.0006189597253854368,0.2973783059124424,0.029884271284271274,0.2951438672438672,56.9
2019-11-24,7132.9488,5847,0.0004645598066650591,0.2953630190472295,0.17970454545454545,0.29784848484848486,37.8
2019-11-25,6975.421600000001,5880,-0.00045981288138151213,0.3022538173518566,0.04206060606060605,0.16509090909090907,65.17777777777778
2019-11-26,7143.2836,5884,-0.0018315750303939276,0.29203664882798736,0.08483953823953824,0.30941327561327564,31.91111111111111
2019-11-27,7267.965399999999,5974,-0.0011248839446513935,0.29632677830352244,0.1443423520923521,0.38520202020202027,58.83888888888889
2019-11-28,7518.566800000001,6010,0.00047262427987617773,0.2899451989910005,0.15103636363636364,0.3158878787878788,57.99444444444445
2019-11-29,7620.541599999998,5889,0.0006724414798344714,0.2930835031807794,0.06986309523809524,0.1603809523809524,53.50555555555555
2019-11-30,7647.645400000001,5520,0.0017439846308893916,0.28332325522801705,0.052964285714285714,0.1596865079365079,49.36666666666667
2019-12-01,7352.627999999998,5397,0.011569841269841275,0.2918271428571428,0.03542857142857143,0.20209523809523808,64.77777777777777
2019-12-02,7310.947799999999,5394,0.007278696314840892,0.277506780368226,-0.030204545454545463,0.3276897546897547,50.52777777777778
2019-12-03,7313.03,5505,0.011073174603174599,0.2739571428571427,0.06932142857142856,0.18907142857142858,57.97222222222222
2019-12-04,7268.051000000002,5584,0.008253174603174604,0.27494714285714267,0.02237012987012987,0.2880790043290043,38.31666666666667
2019-12-05,7333.1392,5549,0.017894229753985847,0.2817247973345533,0.06806555735930736,0.2642294372294372,56.483333333333334
2019-12-06,7412.655999999999,5464,0.01641904099302057,0.2817243057396117,0.07183333333333332,0.24953333333333333,65.29444444444445
2019-12-07,7531.540599999999,5278,0.014877469316506192,0.27548971615057666,0.07976565656565655,0.20610555555555557,58.86666666666667
2019-12-08,7497.205399999999,5144,0.017910625108629313,0.275596811957106,0.12127777777777778,0.21799999999999997,67.25555555555556
2019-12-09,7452.814199999998,5145,0.023278144791165623,0.2725988130311046,-0.01,0.16566666666666666,49.8
2019-12-10,7293.4408,5154,0.02062536099677492,0.27304801281748,0.11242171717171719,0.28625317460317456,49.63333333333333
2019-12-11,7208.0520000000015,5383,0.01852630879637051,0.2805540338719349,0.13557835497835496,0.2862865800865801,47.26111111111111
2019-12-12,7173.009600000002,5362,0.015170318698038357,0.27748344925646173,0.15999244227994228,0.31606753246753244,52.85
2019-12-13,7225.756199999998,5253,0.018156680239159742,0.2847204850022472,0.13278174603174603,0.29862698412698413,58.71666666666667
2019-12-14,7155.2429999999995,5105,0.021892000793749762,0.28692110453941716,0.17538888888888887,0.2646055555555556,44.33888888888889
2019-12-15,7090.798399999999,4995,0.025916808211079043,0.2853502109387524,0.07046363636363637,0.2184121212121212,44.1
2019-12-16,7023.5999999999985,4988,0.028607630649994657,0.2892010939238971,0.14236190476190477,0.20938571428571429,48.81111111111111
2019-12-17,6777.437199999999,5138,0.029938284657297257,0.3033830325059315,0.16855734265734268,0.28297319347319344,51.97222222222222
2019-12-18,6800.728,5267,0.021674932197162516,0.30591994357008917,-0.008333333333333326,0.17333333333333337,60.022222222222226
2019-12-19,7147.776399999999,5207,0.018177384444653694,0.3101271689205255,0.22406986531986536,0.27260942760942763,50.666666666666664
2019-12-20,7152.005600000003,5200,0.020665018416878532,0.32021556408758767,0.1550503787878788,0.3172610389610389,48.733333333333334
2019-12-21,7147.362399999999,5056,0.019548400852344293,0.3214655991605394,0.15425757575757576,0.3285363636363637,42.19444444444444
2019-12-22,7243.982199999999,4919,0.02368582104244522,0.31835094245586226,0.07785449735449734,0.2446137566137566,46.888888888888886
2019-12-23,7493.473399999999,4850,0.023259357234238675,0.3199876413954657,0.07158838383838384,0.33259884559884556,47.333333333333336
2019-12-24,7294.825599999999,4886,0.024689410583379156,0.32518918259285756,0.02441666666666667,0.1836388888888889,43.03333333333333
2019-12-25,7210.067200000001,4815,0.022350024632227256,0.31767897717389626,0.13803333333333334,0.28676666666666667,40.71666666666667
2019-12-26,7218.431600000003,4674,0.023611835950029955,0.3133302359362869,0.09208333333333332,0.2685,44.27777777777778
2019-12-27,7192.941999999999,4620,0.020030914924160266,0.3158809740409117,0.024363636363636355,0.2751298701298701,60.05555555555556
2019-12-28,7299.499800000001,4512,0.019031743042520255,0.315639837343739,0.11435238095238097,0.2382682539682539,47.294444444444444
2019-12-29,7346.974600000003,4485,0.01988780846448913,0.3177612808915329,0.10618073593073593,0.38676515151515145,64.9888888888889
2019-12-30,7292.2866,4648,0.01894953414298652,0.31624870618918227,0.19123232323232323,0.31007070707070705,48.09444444444444
2019-12-31,7195.859600000001,4627,0.021175123905472885,0.3186021892267814,0.19826536796536798,0.2697948051948052,50.47222222222222
2020-01-01,7194.333599999999,4640,0.023336477684855788,0.32235724514066577,0.11444783549783549,0.21117337662337665,45.06666666666667
2020-01-02,7065.690799999999,4698,0.019650510645587406,0.3198045100698639,0.1382878787878788,0.2819595959595959,58.233333333333334
2020-01-03,7225.411599999999,4625,0.022722548007672667,0.31843087287325833,0.04321380471380472,0.2976924001924002,60.50555555555555
2020-01-04,7322.6814,4498,0.018315937353777484,0.31295164309109874,0.092,0.24087179487179491,66.17222222222222
2020-01-05,7426.181800000003,4378,0.024247649811400675,0.3131628316919897,0.04820822510822511,0.14711471861471861,66.51666666666667
2020-01-06,7547.431399999999,4386,0.021178825053574712,0.3022158930361534,0.06042727272727273,0.18155757575757572,59.34444444444444
2020-01-07,7941.2938,4456,0.02280757093466684,0.30959411430907063,0.07093679653679653,0.2639019480519481,66.85
2020-01-08,8221.398000000001,4600,0.019702525172624837,0.31128957427462406,0.09229696969696971,0.1766121212121212,63.59444444444444
2020-01-09,7895.758399999999,4694,0.021553616649833216,0.3061751903842575,0.08429004329004329,0.1878917748917749,60.21666666666667
2020-01-10,7896.152200000002,4693,0.02617011995339917,0.3067178857998663,0.006000000000000005,0.2786666666666667,68.95
2020-01-11,8111.2214,4561,0.025434568616349393,0.3068088396742116,0.051027777777777776,0.29505555555555557,66.18888888888888
2020-01-12,8114.354199999999,4444,0.034330209798856946,0.3070790838096631,0.037565656565656566,0.2717373737373737,66.87222222222222
2020-01-13,8105.757999999998,4412,0.033229348085406174,0.3047762990545034,0.1082121212121212,0.2844424242424243,50.42777777777778
2020-01-14,8585.0854,4515,0.029271622156080732,0.3069702880229625,0.11033116883116882,0.3354112554112554,62.922222222222224
2020-01-15,8744.1064,4643,0.026878424647075443,0.30624640127656,-0.0021536796536796563,0.27051948051948055,67.18333333333334
2020-01-16,8676.925600000002,4730,0.030246185823592994,0.3085535348389346,0.23239393939393943,0.4213409090909091,64.12777777777778
2020-01-17,8855.169999999998,4685,0.024424259602831032,0.3038758869379989,0.09339437229437231,0.28743679653679655,54.166666666666664
2020-01-18,8892.026999999996,4517,0.02809954239115661,0.29328083458275406,-0.03328222222222221,0.31331555555555557,62.611111111111114
2020-01-19,8837.6556,4357,0.03464280588416533,0.28442468352606604,0.06316484848484848,0.29600282828282826,56.22222222222222
2020-01-20,8642.037400000001,4306,0.030946062379885914,0.2719263552351788,0.14471363636363638,0.31256969696969694,59.36666666666667
2020-01-21,8644.859799999998,4284,0.03326040767536202,0.2751882628195414,0.10772727272727273,0.2937575757575758,60.66111111111111
2020-01-22,8664.396200000003,4386,0.03326040767536202,0.2751882628195414,0.050491341991342,0.19977272727272727,63.49444444444445
2020-01-23,8432.180999999997,4488,0.037162926565828355,0.2825585467772968,0.024690476190476193,0.33273809523809517,68.08333333333333
2020-01-24,8384.3254,4428,0.03688954543307222,0.2896230534511785,0.07692227469500197,0.2045691984782894,50.25
2020-01-25,8320.042000000001,4385,0.036870639578972915,0.2906396060562728,0.016928571428571428,0.13576190476190475,54.983333333333334
2020-01-26,8441.361200000003,4405,0.03499390008751243,0.2962789686247837,0.09509848484848485,0.31674494949494947,59.62222222222222
2020-01-27,8736.331599999998,4488,0.02652477675303763,0.3029941704833009,0.07530555555555556,0.23855555555555555,61.01111111111111
2020-01-28,9052.339,4555,0.032316512767156545,0.3102299357771462,0.07622727272727273,0.1840909090909091,31.405555555555555
2020-01-29,9328.548999999999,4651,0.027432039482459647,0.2951462645664328,0.17931904761904766,0.27941904761904757,62.24444444444445
2020-01-30,9366.517291666667,4687,0.026978617342253697,0.28964797920169844,0.1275310606060606,0.24026060606060606,58.56111111111111
2020-01-31,9338.309799999999,4681,0.024959635878693254,0.29113015547749177,0.04747727272727273,0.28510281385281394,59.83888888888889
2020-02-01,9371.2678,4613,0.022593214627165244,0.29277403814749525,0.13403333333333337,0.32114444444444445,64.18888888888888
2020-02-02,9375.706,4603,0.024650827795889525,0.2948316513162195,0.09014220779220779,0.2589335497835498,64.86111111111111
2020-02-03,9328.2854,4601,0.029915478899668606,0.2936916978498008,0.09585454545454544,0.2259151515151515,57.394444444444446
2020-02-04,9200.2242,4645,0.030132472585779967,0.2965944839855348,0.05733766233766234,0.21093506493506495,65.84444444444445
2020-02-05,9409.379200000003,4782,0.02893979416809605,0.2976092417016947,0.07168084415584416,0.2548845598845599,58.65555555555556
2020-02-06,9689.525199999998,4888,0.026526325458059767,0.3040352081293041,0.08311886724386724,0.16838203463203466,64.60555555555555
2020-02-07,9777.480199999998,4824,0.02930538206492404,0.3046255862458154,0.05399999999999999,0.14600000000000002,67.57222222222222
2020-02-08,9816.314400000001,4692,0.02658940453285691,0.3020482915453156,0.03660238095238095,0.42331825396825395,62.794444444444444
2020-02-09,10082.982000000004,4615,0.031166178422202512,0.3023844175681528,0.049477272727272724,0.3146742424242424,74.96666666666667
2020-02-10,9908.6512,4619,0.03175267798957314,0.3104153455191764,0.1489285714285714,0.3240952380952381,58.74444444444445
2020-02-11,9974.215799999998,4608,0.029989734006734,0.3082272079402081,0.050277777777777775,0.2631111111111111,70.82777777777778
2020-02-12,10343.884399999999,4748,0.028453535446752495,0.31004347895142476,0.03751082251082251,0.21276623376623377,72.29444444444445
2020-02-13,10282.062600000001,4877,0.02650081367688371,0.30912748258370837,0.12511926406926407,0.46580259740259744,67.00555555555556
2020-02-14,10264.0644,4864,0.025220645766724194,0.31136682667368953,0.061949494949494935,0.23011111111111113,57.233333333333334
2020-02-15,10121.8638,4691,0.02995996813868714,0.3050953083112174,0.07282864357864356,0.2191861471861472,64.88888888888889
2020-02-16,9902.4114,4583,0.0254858271438358,0.3023799374427082,0.11241856060606063,0.25476515151515156,61.06111111111111
2020-02-17,9718.493999999999,4529,0.02589577073559757,0.30015523213358736,0.09553679653679652,0.2992099567099567,42.516666666666666
2020-02-18,9860.621999999998,4569,0.027248048645044355,0.3113398393849039,0.14405050505050507,0.26175252525252524,62.25
2020-02-19,10071.776199999998,4703,0.026182817025370213,0.3133355286951033,0.051037878787878785,0.1653333333333333,60.31111111111111
2020-02-20,9579.6364,4802,0.027427259654438076,0.3102811758703875,0.09234367484367484,0.24612847522847525,65.05555555555556
2020-02-21,9689.6678,4803,0.026042577168104587,0.3100591282057526,-0.015878787878787878,0.21301515151515152,68.75555555555556
2020-02-22,9662.138600000002,4689,0.023509969307588346,0.3116912556338964,0.06300714285714286,0.18126190476190476,62.138888888888886
2020-02-23,9875.947800000002,4605,0.0224741004145766,0.30806056093177303,0.08140945165945165,0.25837229437229436,59.611111111111114
2020-02-24,9722.042200000002,4615,0.017372740787563793,0.30670251041158125,0.035166666666666666,0.15091666666666667,63.2
2020-02-25,9483.569999999998,4662,0.0207416064351905,0.30477572038744616,0.0315,0.19883333333333333,63.8
2020-02-26,9015.3472,4827,0.010932579593139938,0.3049794980322997,0.020075757575757577,0.1458636363636364,71.24444444444444
2020-02-27,8798.181799999997,4950,0.010842660137340983,0.3032634477028093,0.031074458874458876,0.268978354978355,60.6
2020-02-28,8698.2876,4910,0.013476860367418297,0.3040067677117033,0.023741341991341994,0.23092748917748918,71.1
2020-02-29,8679.681800000002,4465,0.015244303081284638,0.3110073481732469,0.03564285714285714,0.19490476190476191,67.34444444444445
2020-03-01,8555.544400000002,4406,0.01426207954405628,0.31002447079191264,0.039483333333333336,0.28865555555555555,66.2388888888889
2020-03-02,8752.907400000002,4525,0.010787907195590668,0.3095329260868252,0.06408080808080807,0.15601010101010102,59.62777777777778
2020-03-03,8789.245200000001,4655,0.017588528029704495,0.3145023970080531,0.06263888888888888,0.21456746031746035,64.31666666666666
2020-03-04,8764.436599999999,4706,0.015105179521067373,0.31929416269953664,0.08793686868686869,0.24525252525252525,68.32777777777778
2020-03-05,9023.405200000001,4718,0.014872937570611977,0.3160849217535265,0.09317777777777778,0.2351555555555556,65.30555555555556
2020-03-06,9098.7664,4675,0.01638517694268868,0.3162783378158966,0.11351785714285717,0.2635119047619047,61.361111111111114
2020-03-07,9046.236599999998,4554,0.018029411320474115,0.31451770407084423,0.043537878787878785,0.15459848484848485,59.40555555555556
2020-03-08,8546.0352,4501,0.017572487004854153,0.32100119843477337,0.06206565656565655,0.2208405483405484,58.52777777777778
2020-03-09,7886.479799999998,4642,0.01913575212745828,0.32442152853290296,0.17182954545454543,0.3946540404040405,54.81111111111111
2020-03-10,7942.079000000001,4679,0.013737484715872564,0.3254292957388751,0.09183080808080808,0.24882070707070705,68.77222222222223
2020-03-11,7853.010800000001,4641,0.012891526166879934,0.3180541290034214,0.11368154761904763,0.1531190476190476,65.53888888888889
2020-03-12,6581.647000000001,4792,-0.0009783604442695386,0.3272620742052559,0.10512318181818181,0.25889171717171716,50.861111111111114
2020-03-13,5318.908399999998,4838,0.0041039910098206065,0.317667390324341,0.0940074074074074,0.2653148148148147,75.44444444444444
2020-03-14,5405.606,4704,0.004554769848887493,0.322092781945723,0.07722835497835498,0.29500324675324674,73.03888888888889
2020-03-15,5299.7388,4635,0.0112188463114389,0.3236072753549604,0.056037878787878796,0.1683869463869464,71.25
2020-03-16,4993.4641999999985,4818,0.012703114855581225,0.32538777158732307,0.044052669552669545,0.3151940836940837,55.16111111111111
2020-03-17,5316.710799999998,4942,0.012612584175084174,0.324832514129389,-0.017297418630751966,0.25733782267115596,77.49444444444444
2020-03-18,5291.4672,4995,0.010039973812196035,0.33390741275185715,0.05916428571428572,0.2172857142857143,74.14444444444445
2020-03-19,5781.4096,5006,0.0118176270278543,0.3282301477983296,-0.0016883116883116855,0.21770562770562765,71.93888888888888
2020-03-20,6354.326399999999,4974,0.005991806200139535,0.32656645823312486,0.04378282828282828,0.2537020202020202,76.75555555555556
2020-03-21,6167.9838,4872,0.0057752602477373,0.3252699063593559,0.033094372294372294,0.21212886002886003,77.9888888888889
2020-03-22,6124.799400000001,4798,0.008005722324971142,0.3263325802175567,0.08571111111111111,0.2997222222222222,70.17777777777778
2020-03-23,6125.537199999999,4905,0.005838227233576058,0.32725041668064925,0.12136515151515152,0.1964227272727273,82.81666666666666
2020-03-24,6657.6132,4951,0.007543544626877963,0.33220414949581617,0.10879870129870131,0.2514480519480519,82.0
2020-03-25,6663.4106,4903,0.007498519587408484,0.3338080941692053,0.061500000000000006,0.20058333333333336,77.88888888888889
2020-03-26,6677.7732,4865,0.007315379467553386,0.3288662112846896,0.023226190476190477,0.29186904761904764,71.97777777777777
2020-03-27,6669.9749999999985,4798,0.013512147371796498,0.33017382735036244,0.07141666666666667,0.19558333333333333,65.63888888888889
2020-03-28,6223.8166,4667,0.0209064507508952,0.33257143124365346,0.09376212121212121,0.19008961038961036,59.46111111111111
2020-03-29,6097.9212,4741,0.020906450750895197,0.3325714312436535,0.0616868686868687,0.24306204906204903,75.56666666666666
2020-03-30,6279.999999999999,4893,0.017748684664984225,0.33254143331786506,0.07466690716690717,0.2639858104858105,68.27777777777777
2020-03-31,6446.936199999999,4911,0.01613616630962446,0.3280406991034745,0.04475324675324674,0.38482669552669546,69.06666666666666
2020-04-01,6325.580400000001,4961,0.017447433705585887,0.3289430667963278,0.09388744588744588,0.33981926406926405,67.53333333333333
2020-04-02,6727.191999999999,5015,0.021284249536909123,0.3304667367699284,-0.01518181818181818,0.20606060606060606,75.38333333333334
2020-04-03,6812.256200000001,4980,0.016421227763918453,0.32559423176478275,0.1075138888888889,0.23466666666666672,64.43333333333334
2020-04-04,6780.079800000002,4838,0.013586105151346384,0.32378150500409275,0.06945151515151515,0.2494242424242424,67.02222222222223
2020-04-05,6798.7444,4703,0.015584525022573278,0.3267040048564171,0.009166666666666662,0.30477777777777776,76.52777777777777
2020-04-06,7102.6614,4688,0.01435152561273639,0.3278838324522181,0.0974813852813853,0.27321731601731597,78.0
2020-04-07,7312.1122,4696,0.014946247654581003,0.3304812252728919,0.10516818181818181,0.1475844155844156,80.7611111111111
2020-04-08,7304.3422,4765,0.010948662904940945,0.3280423684851935,0.03778549783549783,0.1632127705627706,81.48333333333333
2020-04-09,7299.985199999999,4856,0.009422453967410116,0.3264534099347696,0.07634848484848486,0.25142027972027975,69.70555555555555
2020-04-10,6968.1918000000005,4786,0.010089171126166654,0.3226088856750291,0.08673376623376622,0.20587012987012987,77.45
2020-04-11,6873.212199999998,4668,0.012095472610178511,0.3201001748795866,0.12943506493506493,0.22877561327561327,75.79444444444445
2020-04-12,6938.2526,4600,0.014454171039398328,0.321620602671739,0.08428734217171717,0.33646313131313127,71.2611111111111
2020-04-13,6754.088,4396,0.027249403396746388,0.31298983334611347,0.10006060606060606,0.20758333333333334,79.76666666666667
2020-04-14,6881.295400000002,4316,0.024767952985774774,0.3213559183299282,0.06555,0.3493285714285714,83.57222222222222
2020-04-15,6789.882399999999,4403,0.02420963408768287,0.32438781250366605,0.04375295815295816,0.2926802308802309,70.09444444444445
2020-04-16,6919.954000000001,4473,0.028172699214365892,0.3249490969788588,0.10119244829244828,0.33339316979316985,74.59444444444445
2020-04-18,7161.5288,4195,0.02539731787847366,0.32762734729443266,0.06118492063492063,0.15864603174603176,73.72222222222223
2020-04-19,7167.859400000002,4101,0.023187411065015234,0.32652232581269036,0.05477272727272728,0.20808333333333334,83.28888888888889
2020-04-20,7043.739199999999,4060,0.027659239381178164,0.3177285672566284,0.19570562770562774,0.3549437229437229,72.05
2020-04-21,6867.6676,4091,0.03538678576438994,0.31651192605619677,0.12571527777777777,0.40852308802308795,71.59444444444445
2020-04-22,7006.687599999999,4164,0.035154778188632364,0.3214221612203381,0.10333333333333333,0.3276166666666666,74.54444444444445
2020-04-23,7305.293200000001,4249,0.03158760377024627,0.3233798258927791,0.030849999999999995,0.16881666666666667,71.03333333333333
2020-04-24,7519.9404,4221,0.036441342495007426,0.30850851785406747,0.1235015873015873,0.24238095238095236,74.68888888888888
2020-04-25,7545.925000000001,4150,0.02995443379371952,0.3057934363154142,0.09140000000000001,0.2411393939393939,77.97777777777777
2020-04-26,7609.711400000001,4092,0.03593540898402011,0.3024133633855855,0.14716060606060605,0.24945916305916305,78.2
2020-04-27,7715.3336,4097,0.03755419548522997,0.31191354941354926,0.1306558441558442,0.27401948051948055,81.99444444444444
2020-04-28,7730.5625999999975,4107,0.040762273664816044,0.3285319467099127,0.132986531986532,0.23716498316498316,66.62777777777778
2020-04-29,8275.678600000001,4241,0.03618489907283011,0.3246576571576571,-0.014722222222222223,0.23172222222222222,51.04733727810651
2020-04-30,8874.993799999998,4165,0.03434102934102934,0.3246302898889106,0.15717676767676766,0.24248340548340547,60.03333333333333
2020-05-01,8785.249200000002,4142,0.040060967853597904,0.3318102337611008,0.12553014069264068,0.34249015151515144,77.3
2020-05-02,8880.849400000001,4069,0.03655673980450765,0.32892753740968017,0.1033939393939394,0.24402424242424242,79.19444444444444
2020-05-03,8968.186599999997,4005,0.03249918557873103,0.33124642192824,0.10511212121212124,0.3103651515151515,66.55
2020-05-04,8774.798999999999,4006,0.043192613027735714,0.33853397795115575,0.105490860990861,0.2591476671476672,73.61666666666666
2020-05-05,8935.013,4108,0.04485184336794764,0.3411669022865341,0.07383333333333333,0.2478293650793651,81.14444444444445
2020-05-06,9159.278599999998,4205,0.044360220167038326,0.33162138366683813,0.0963069264069264,0.23281753246753248,75.29444444444445
2020-05-07,9506.643399999999,4216,0.05122389479207659,0.3376860454360454,0.09988584054834053,0.32318282828282824,71.24444444444444
2020-05-08,9911.8102,4270,0.049875530388923235,0.3380457282466211,0.13702380952380952,0.18985714285714284,80.5111111111111
2020-05-09,9681.280399999998,4234,0.058157163285175326,0.3402276714249606,0.07534945887445886,0.2968050505050505,43.55
2020-05-10,8667.739199999996,4131,0.06075544710637877,0.3390226207539872,0.025571428571428568,0.23428571428571432,84.95
2020-05-11,8694.810599999999,4284,0.04940864690864691,0.3272568317612697,0.06197727272727272,0.22509090909090912,42.56666666666667
2020-05-12,8773.669799999998,4317,0.05223568669892198,0.3274965802171685,0.08731980519480519,0.28490530303030304,79.25
2020-05-13,9057.806999999999,4520,0.047104810564112885,0.3221757651263465,-0.0038404040404040416,0.19562828282828285,71.84444444444445
2020-05-14,9589.741799999998,4542,0.04520220990559973,0.33031251548200696,0.019813053613053605,0.26456023976023973,76.97777777777777
2020-05-15,9503.9904,4558,0.05015783939817089,0.3281079417819749,0.0996712121212121,0.2973888888888889,72.16666666666667
2020-05-16,9400.9874,4485,0.05127684198517532,0.32115270531937196,0.04271818181818181,0.415430303030303,78.77222222222223
2020-05-17,9627.5658,4398,0.044301913560388144,0.31110969225376006,0.0801939393939394,0.24378730158730152,75.38888888888889
2020-05-18,9709.6472,4460,0.04628974008945601,0.31307306803045437,0.18769116161616164,0.4478464646464647,80.82222222222222
2020-05-19,9668.534999999996,4593,0.04159919020088512,0.31955487858030224,0.015146825396825396,0.27092857142857146,76.67777777777778
2020-05-20,9656.665800000002,4671,0.04286547877840013,0.3404110098702795,0.09706060606060607,0.24909090909090906,70.03888888888889
2020-05-21,9256.8018,4651,0.05041916497118812,0.34571007107856816,0.08085227272727272,0.21742424242424246,78.76666666666667
2020-05-23,9204.395,4550,0.04701251106774363,0.3372284700119002,0.07711515151515151,0.28505757575757573,65.75
2020-05-24,9102.51,4456,0.05473471784875295,0.3351424412170026,0.07742063492063492,0.3308412698412698,71.38888888888889
2020-05-25,8817.915400000004,4430,0.05252695786126021,0.34041293089984953,0.23403151515151513,0.36065838383838383,77.15
2020-05-26,8857.832799999998,4525,0.050794303641124465,0.3455582639903449,0.15523787878787879,0.26048181818181815,76.31111111111112
