Date,ETH_Price,Number_of_articles,news_sentiment,news_subjectivity,reddit_sentiment,reddit_subjectivity,google_trends
2019-04-10,179.80270833333336,2086,0.0925566204527575,0.3312088205566703,0.06228722943722945,0.2700860028860029,63.9
2019-04-11,167.6920833333334,2121,0.09073927097868233,0.3289088420353674,0.05984199134199133,0.1418939393939394,66.45
2019-04-12,164.4075,2109,0.09454736111366235,0.31824516686362503,0.05647619047619048,0.23908730158730157,56.94444444444444
2019-04-13,164.27041666666665,2064,0.09473402074116359,0.32428640195783043,0.07067532467532467,0.16672727272727272,57.044444444444444
2019-04-14,163.96375000000003,1977,0.09389018204018208,0.316896595996596,0.07014285714285715,0.10057142857142858,43.8
2019-04-15,165.15000000000003,1961,0.0923932517707899,0.30927356597153555,0.09702164502164502,0.300786075036075,19.25
2019-04-16,163.22270833333337,1995,0.09637223021823542,0.30313577788191187,0.09278643578643578,0.3369098124098124,61.68333333333333
2019-04-17,166.30791666666667,2043,0.09585503754058446,0.30200445864898984,0.0960952380952381,0.23461904761904762,53.30555555555556
2019-04-18,172.47958333333338,2075,0.09467664590063066,0.29262095391917725,0.07205681818181818,0.18561771561771562,62.97222222222222
2019-04-19,172.5360416666667,2075,0.09116290076252005,0.28860728569231103,0.012400000000000001,0.1986,68.04444444444445
2019-04-20,173.963125,2029,0.0936537717008078,0.29746567478912833,0.07646666666666667,0.14675555555555556,40.02777777777778
2019-04-21,170.253125,1952,0.08854223315746756,0.2973519063401875,0.04878787878787877,0.16284848484848485,51.666666666666664
2019-04-22,170.8697916666666,1939,0.08604939583612264,0.29668003860400755,0.06551803751803752,0.2987056277056277,21.961111111111112
2019-04-23,173.51812499999997,1979,0.07173455969267137,0.29070498104141707,0.15375000000000005,0.2177777777777778,41.12777777777778
2019-04-24,165.71145833333335,2059,0.07695476807640786,0.30810043247274427,0.13220346320346318,0.346102453102453,65.72222222222223
2019-04-25,163.09062500000002,2148,0.0758340622090622,0.30652351152351154,0.017582539682539682,0.15443650793650796,61.80555555555556
2019-04-26,152.04354166666664,2130,0.07569328882511943,0.3130335501373753,0.07337337662337663,0.14070165945165947,64.98333333333333
2019-04-27,154.51312499999997,2114,0.07403324577163374,0.3096030704773874,0.036,0.142,55.08888888888889
2019-04-28,154.7677083333333,2083,0.07535646651374672,0.3168111792562342,0.1734285714285714,0.31819047619047625,57.05555555555556
2019-04-29,152.73916666666665,2088,0.06569797243259809,0.31061919265127824,0.1421666666666667,0.32866666666666666,20.833333333333332
2019-04-30,156.08229166666666,2116,0.06460752247851177,0.3171497387540169,0.103007215007215,0.3347933621933622,65.62222222222222
2019-05-01,159.18708333333336,2142,0.07125662934086846,0.31166460250699396,0.019818181818181818,0.07017171717171716,71.11666666666666
2019-05-02,158.4127083333333,2137,0.06621373246373245,0.309891398891399,0.06399025974025975,0.20603896103896102,56.81666666666667
2019-05-03,163.54312499999997,2105,0.07015210265210264,0.3046221523721525,0.1432651515151515,0.20493939393939392,59.34444444444444
2019-05-04,162.43520833333332,2037,0.0736373366468475,0.3065090093079225,0.13815930735930734,0.32332229437229437,41.266666666666666
2019-05-05,161.38229166666667,1988,0.07578738480180787,0.31121355267646494,0.09037575757575757,0.23656363636363636,52.672222222222224
2019-05-06,165.03708333333336,2002,0.08307208585868806,0.31692685971691514,0.09692121212121212,0.26738181818181816,27.005555555555556
2019-05-07,174.34208333333333,2060,0.08005482827357825,0.31257177698844385,0.02142857142857143,0.15906349206349207,65.0
2019-05-08,167.9525,2098,0.08402161502370999,0.3232616142392681,0.08103174603174602,0.3614170274170274,60.37222222222222
2019-05-09,169.04770833333336,2092,0.07992251389372174,0.33042058596833895,0.02480952380952381,0.28142207792207796,47.28333333333333
2019-05-10,172.37645833333337,2065,0.07540012294628771,0.3387499532243852,0.09266787878787877,0.30703111111111114,55.888888888888886
2019-05-11,186.63708333333332,2029,0.07033658378126766,0.3386954669425936,0.06816363636363637,0.38274545454545456,61.46111111111111
2019-05-12,191.28458333333336,2009,0.0744787644752133,0.3336414206584663,0.09469264069264069,0.31389610389610395,56.46111111111111
2019-05-13,194.3841666666667,2087,0.07032477189792528,0.33641190485650735,0.11703419913419913,0.25772987012987014,33.82222222222222
2019-05-14,207.2010416666667,2183,0.05620157974916495,0.3287048628454881,0.07879788961038962,0.2705194805194805,62.00555555555555
2019-05-15,233.36687500000002,2252,0.05531894890823461,0.3227341349127065,0.09808441558441558,0.2939401154401154,64.48333333333333
2019-05-16,260.86125,2284,0.05731616597688025,0.330343390736248,0.11555340136054422,0.3148952380952381,69.07222222222222
2019-05-17,237.886875,2330,0.05865570885440827,0.32850830527853664,0.14485714285714285,0.25164835164835164,70.62222222222222
2019-05-18,238.39062500000003,2297,0.060211791444035746,0.33474954259755413,0.07676969696969697,0.2415787878787879,47.06666666666667
2019-05-19,253.75708333333333,2274,0.058320045248312274,0.33393719837611896,0.15782142857142856,0.356547619047619,67.06666666666666
2019-05-20,249.62999999999997,2279,0.05692082481011052,0.33475548102690966,0.10530952380952381,0.26576190476190475,21.772222222222222
2019-05-21,253.7229166666666,2315,0.059524415160191003,0.3394988137660553,0.07916666666666666,0.21358333333333335,73.33333333333333
2019-05-22,253.5397916666667,2357,0.05842681505678664,0.3394941122639987,0.08915584415584416,0.2613766233766234,68.79444444444445
2019-05-23,240.9154166666666,2404,0.061511619657806084,0.33212537305757656,0.10181962481962482,0.16213059163059163,58.855555555555554
2019-05-24,249.67375000000004,2373,0.06440332112638741,0.33050995658730475,0.08455194805194804,0.19901443001443003,65.14444444444445
2019-05-25,252.3608333333334,2395,0.067764278769113,0.32518460361001805,0.09245238095238095,0.284015873015873,72.05555555555556
2019-05-26,252.6308333333334,2215,0.057418011750154596,0.3332162187019331,0.09161818181818182,0.2564272727272727,48.7
2019-05-27,269.02374999999995,2227,0.06149392940706499,0.32929045844300087,0.05796969696969697,0.2982929292929293,32.65
2019-05-28,270.7004,2274,0.06188688145499942,0.32598494514224857,0.022375757575757573,0.39239696969696963,54.355555555555554
2019-05-29,269.1562,2297,0.06102764147153351,0.32699045588250136,0.12648484848484848,0.31426984126984125,56.5
2019-05-30,274.52039999999994,2364,0.0597983026285583,0.323152645965146,0.06233766233766233,0.2832207792207792,68.08333333333333
2019-05-31,257.865,2349,0.06852464375901875,0.3341085658719587,0.02520454545454546,0.13408333333333333,68.7
2019-06-01,267.7316,2271,0.06890971844190408,0.3291809512842447,0.025955555555555558,0.09479444444444443,64.63333333333334
2019-06-02,268.7124000000001,2238,0.07068743045776178,0.32998066441590534,0.09170707070707071,0.17211111111111113,69.32222222222222
2019-06-03,261.28479999999996,2247,0.07809241698342308,0.32966085658921024,0.03969285714285714,0.18403882783882786,20.95
2019-06-04,244.15060000000005,2210,0.07536243791995324,0.34017644165650285,0.1090064935064935,0.31130735930735937,52.388888888888886
2019-06-05,243.94880000000003,2257,0.08224657287157285,0.3379289927244472,0.07793073593073592,0.2446103896103896,49.12777777777778
2019-06-06,244.25160000000008,2289,0.0794827552686834,0.3306304872771938,0.08117229437229437,0.23915837495837494,69.25
2019-06-07,249.115,2283,0.07949214723768294,0.33734751359751347,0.05516147186147188,0.256238961038961,56.40555555555556
2019-06-08,246.6966,2216,0.08499809961863532,0.33665306915306903,0.06819913419913422,0.23267965367965368,54.65
2019-06-09,237.92399999999995,2167,0.08154396885166115,0.3278509261941214,0.08342424242424244,0.32307575757575757,57.81666666666667
2019-06-10,239.89880000000008,2157,0.0846806086070792,0.3266450591891768,0.08335238095238096,0.26465714285714287,27.0
2019-06-11,244.05259999999996,2162,0.08928321434900383,0.33086708288462663,0.021025974025974028,0.30203896103896105,47.68333333333333
2019-06-12,251.85760000000002,2181,0.09078880188439013,0.3284015951368891,0.04003333333333334,0.3456666666666666,65.11666666666666
2019-06-13,259.3562,2185,0.0863245514525635,0.32909982504109003,0.025359307359307356,0.17951515151515152,72.12222222222222
2019-06-14,256.9306,2120,0.08635951982577751,0.32760258742620696,0.04746753246753247,0.17036796536796536,67.71111111111111
2019-06-15,266.26339999999993,2009,0.09829462965895892,0.33777225146127576,0.07447359307359308,0.23245714285714286,48.00555555555555
2019-06-16,270.81219999999996,1911,0.09152504546735317,0.3412392899671006,0.12276190476190474,0.2060952380952381,66.60555555555555
2019-06-17,271.64360000000005,1803,0.09419064909449523,0.3401998379661101,0.024954545454545455,0.16534848484848486,25.727777777777778
2019-06-18,267.04380000000003,1881,0.09020504445654144,0.3378241086923721,0.05932142857142857,0.24613095238095237,54.394444444444446
2019-06-19,267.1654,1947,0.0919258812821687,0.3422521213539177,0.08324999999999999,0.15206060606060606,55.644444444444446
2019-06-20,269.5173913043478,1986,0.09599735884374437,0.34590665915967106,0.07268181818181818,0.18416161616161617,60.28333333333333
2019-06-21,287.31059999999997,2003,0.11484142943247881,0.3446181747493474,0.04642992424242424,0.3956666666666667,57.333333333333336
2019-06-22,306.3394,1994,0.10139993101819449,0.3310060744866133,0.060954545454545456,0.16701515151515153,68.07777777777778
2019-06-23,310.29999999999995,1985,0.10004345972137382,0.32808651442853887,0.12764718614718615,0.14114141414141415,62.41111111111111
2019-06-24,307.1039999999999,1983,0.10104900948463824,0.3312870975221273,0.11268939393939395,0.28883333333333333,40.50555555555555
2019-06-25,311.59180000000003,2010,0.09328190796365643,0.3235398204953419,0.09958333333333332,0.17566666666666667,59.05555555555556
2019-06-26,334.61480000000006,2128,0.09727003613298796,0.33051232708612216,0.05097402597402598,0.2246147186147186,56.7
2019-06-27,309.14540000000005,2216,0.09614925403220202,0.32848657577703805,0.10720909090909092,0.22850151515151512,74.69444444444444
2019-06-28,302.6967999999999,2208,0.08548892702738856,0.3061756263679339,0.16228571428571428,0.31807936507936513,72.60555555555555
2019-06-29,305.41419999999994,2163,0.08403170022217639,0.304602537563847,0.08881825396825399,0.31566984126984127,67.93333333333334
2019-06-30,305.29459999999995,2072,0.09326367647101179,0.31120278562643816,0.03563809523809524,0.20064761904761905,58.52777777777778
2019-07-01,290.93580000000003,2082,0.0935352923302025,0.30912663489759284,0.1182077922077922,0.22672727272727275,36.4
2019-07-02,284.5142,2122,0.09091885853113395,0.306283986860334,0.06708379715522572,0.2214879406307978,59.333333333333336
2019-07-03,295.0776,2160,0.09187771994319612,0.3136516597379691,0.0788413729128015,0.3088212739641311,67.93888888888888
2019-07-04,294.971,2102,0.10075221075221073,0.3190935631320246,0.16725,0.2104444444444444,73.57222222222222
2019-07-05,288.3919999999999,2099,0.09704585066349773,0.3124654599213422,0.06402813852813853,0.2710541125541126,70.5
2019-07-06,291.7795999999999,2064,0.08732596270831564,0.30813772882890517,0.0981176046176046,0.18753463203463203,64.72777777777777
2019-07-07,294.99199999999996,2012,0.08535177840567058,0.31941166008531263,0.13535714285714287,0.23273015873015873,70.24444444444444
2019-07-08,308.08719999999994,2008,0.0944296308099989,0.3128783526176163,0.012545454545454544,0.30160606060606054,37.32222222222222
2019-07-09,311.43899999999996,2049,0.09019880610929992,0.31634683103818895,0.09157792207792208,0.22661904761904764,64.24444444444444
2019-07-10,300.37479999999994,2097,0.08757581732737012,0.30896906808397484,0.1439649621212121,0.2815,65.81666666666666
2019-07-11,273.2801999999999,2138,0.08952941618566616,0.3035910969817219,0.11713636363636361,0.28135353535353536,75.05
2019-07-12,273.60740000000004,2150,0.09166513270679937,0.2970438666271999,0.13201515151515153,0.20932828282828284,69.98333333333333
2019-07-13,269.6544,2111,0.08990231219397887,0.29800540508873835,0.07344632034632036,0.24651471861471863,80.02777777777777
2019-07-14,247.90000000000003,2075,0.08668334083939179,0.29181739674574064,0.10127777777777779,0.19316666666666663,72.62222222222222
2019-07-15,225.62680000000003,2057,0.09017131402548069,0.3025161142869476,0.11402545454545454,0.2471058585858586,64.32777777777778
2019-07-16,217.16019999999997,2102,0.08791055395222062,0.29326321440904773,0.06873181818181816,0.2647670995670996,66.62777777777778
2019-07-17,206.05460000000002,2164,0.08271123195505911,0.29177711491754693,0.010915584415584413,0.26634632034632033,63.45
2019-07-18,218.75419999999997,2160,0.07870208807325374,0.2853260880791555,0.07021212121212121,0.2453939393939394,76.7388888888889
2019-07-19,220.35499999999996,2079,0.08507579423737961,0.29114819434179184,0.06262121212121213,0.19962626262626262,24.544444444444444
2019-07-20,228.20579999999998,1996,0.07963513310139078,0.28981458980692104,0.05374819624819624,0.18526911976911975,58.894444444444446
2019-07-21,224.45999999999995,1938,0.07614645792440825,0.29305355014205947,0.13482770562770563,0.32467012987012983,47.9
2019-07-22,220.4848000000001,1894,0.07011413922777558,0.29544832524377973,0.03388611111111112,0.1806555555555555,20.2
2019-07-23,213.405,1896,0.07201483557850016,0.2934511821856542,0.12346969696969695,0.21828787878787878,52.2
2019-07-24,209.4528,1897,0.07243257509361804,0.2917003403889907,0.09029292929292929,0.23244733044733046,49.12777777777778
2019-07-25,221.23219999999995,1868,0.06959921571934559,0.29746494396656725,0.05556439393939394,0.17901515151515157,44.772222222222226
2019-07-26,216.97759999999994,1822,0.07329363915654238,0.30197380486896613,0.0590577922077922,0.2899521645021645,54.94444444444444
2019-07-27,212.9664,1688,0.07507955915392624,0.29829023736460436,0.07462467532467532,0.22281038961038963,55.111111111111114
2019-07-28,208.41279999999995,1579,0.0752364801139311,0.30521511803374535,0.08013095238095237,0.2558809523809524,47.68888888888889
2019-07-29,210.59060000000002,1563,0.07248533997695071,0.3099149573394539,0.11893560606060605,0.22750757575757574,18.05
2019-07-30,209.305,1607,0.06900871295738846,0.3014834126506311,0.14046666666666666,0.24873333333333336,49.96666666666667
2019-07-31,214.46360000000004,1639,0.069706024056353,0.3011447059884559,0.10953246753246752,0.23053679653679654,61.21666666666667
2019-08-01,214.58759999999995,1639,0.0725778072937164,0.30354145583853365,0.08381471861471859,0.23681414141414142,58.644444444444446
2019-08-02,218.1024000000001,1616,0.07739603080289356,0.2964858788633298,0.045120129870129866,0.14641991341991342,42.88333333333333
2019-08-03,221.93400000000005,1564,0.08042928114006546,0.30246289930113446,-0.023,0.08800000000000001,58.81666666666667
2019-08-04,220.65919999999994,1515,0.08596150721978538,0.3045367105300879,0.03844090909090909,0.2902917748917749,63.75555555555555
2019-08-05,231.071,1537,0.07496892736892737,0.3040518037518037,0.09569264069264069,0.26926277056277054,27.238888888888887
2019-08-06,228.97979999999998,1541,0.07725000501042167,0.3045143648789481,0.051892115913600295,0.2818780663780664,54.65
2019-08-07,225.7564000000001,1550,0.07725000501042167,0.3045143648789481,0.08993982683982685,0.329921645021645,63.43888888888889
2019-08-08,222.43239999999994,1582,0.08232069463103944,0.3061786336269094,0.13912409812409812,0.2936147186147186,54.53888888888889
2019-08-09,212.74679999999992,1555,0.086538931589952,0.3097604813931344,0.018000000000000006,0.14266666666666666,55.36666666666667
2019-08-10,208.44500000000005,1508,0.0895898049023049,0.3021528996528996,0.09995497835497835,0.25383614718614717,43.32222222222222
2019-08-11,211.5912,1442,0.10128428330928332,0.3026329725829726,0.09257142857142854,0.25039285714285714,57.4
2019-08-12,212.09080000000003,1385,0.09487967914438503,0.30886934234973445,0.12226782106782105,0.3201414141414141,26.488888888888887
2019-08-13,208.4158000000001,1350,0.09040918741555684,0.3259386296647443,0.006679653679653679,0.19561471861471857,57.016666666666666
2019-08-14,200.44559999999993,1362,0.09377916259367872,0.31292641945867744,0.06080303030303031,0.19324025974025974,53.98888888888889
2019-08-15,184.27240000000006,1388,0.08035673938634465,0.31536586585928683,0.05843636363636364,0.1978242424242424,63.43888888888889
2019-08-16,184.72840000000005,1368,0.06992362202553286,0.30941915833635575,-0.03027705627705627,0.21410822510822508,49.22222222222222
2019-08-17,184.58360000000002,1322,0.07025775966952437,0.3165203750497868,-0.0423452380952381,0.19038095238095243,59.483333333333334
2019-08-18,190.477,1263,0.07390655829431342,0.3214316522479788,0.14877777777777776,0.2778888888888889,44.46666666666667
2019-08-19,198.97519999999994,1280,0.08169487983281087,0.3258187923187923,0.183997113997114,0.36267821067821066,25.961111111111112
2019-08-20,197.85539999999997,1295,0.07502880921895008,0.31939047259469794,0.028807407407407407,0.26125185185185185,51.09444444444444
2019-08-21,187.12019999999995,1332,0.06922829695556969,0.30534267597204645,0.14928463203463202,0.19895238095238096,38.077777777777776
2019-08-22,188.6978,1366,0.06609926317974264,0.3001859356397027,0.13789610389610388,0.21827272727272728,69.58333333333333
2019-08-23,192.84759999999997,1356,0.06986638646741387,0.2981311411191548,0.07967424242424241,0.2876338383838383,63.21666666666667
2019-08-24,190.1495999999999,1328,0.07166280148423006,0.30241307728552624,0.09983946608946609,0.29905239205239204,35.49444444444445
2019-08-25,188.66279999999995,1299,0.072010644640853,0.30937798216444046,0.056656043956043955,0.2172212454212454,61.772222222222226
2019-08-26,189.22280000000006,1309,0.07871056286872616,0.3040878669705199,0.029121212121212124,0.11101515151515151,18.38888888888889
2019-08-27,186.62560000000002,1326,0.0766616480647093,0.2949365874110772,0.046,0.19733333333333333,49.205555555555556
2019-08-28,182.2992,1397,0.07532172481675793,0.29206265680603416,0.04328463203463203,0.16128571428571425,48.81666666666667
2019-08-29,169.0532,1424,0.06675362649046859,0.2775986495229915,0.07750324675324674,0.2127813852813853,64.33333333333333
2019-08-30,168.47780000000003,1410,0.07862661135161135,0.29336742516742514,0.06857200577200577,0.2453976911976912,63.394444444444446
2019-08-31,168.95640000000003,1382,0.07424658860900472,0.2934906964772736,0.062332900432900434,0.2400207792207792,60.72222222222222
2019-09-01,171.17620000000002,1329,0.0752550115050115,0.29530482280482273,0.15850649350649348,0.31997402597402597,61.522222222222226
2019-09-02,173.982,1341,0.0663969281270606,0.2897229756997968,0.0901053391053391,0.20863492063492065,35.97222222222222
2019-09-03,179.107,1337,0.05912047647341767,0.2899241608065138,0.08847799422799421,0.26752886002886006,60.36666666666667
2019-09-04,177.20759999999996,1376,0.05484185577338444,0.28300676322969315,0.14223809523809525,0.35406349206349214,70.47222222222223
2019-09-05,173.13180000000003,1422,0.07012715322871571,0.2868210574148073,0.08646969696969696,0.20393939393939395,72.32777777777778
2019-09-06,173.94079999999994,1400,0.07265644763329947,0.2946483694631842,0.0543030303030303,0.19169696969696967,44.21666666666667
2019-09-07,173.47619999999998,1361,0.07331192213136657,0.285399242389983,0.1025,0.2353333333333333,53.294444444444444
2019-09-08,180.83539999999996,1333,0.07331192213136657,0.285399242389983,0.10263333333333334,0.21805952380952384,60.62222222222222
2019-09-09,180.3384,1340,0.07042876636820736,0.2793302935849519,0.15752056277056276,0.3808874458874459,44.07222222222222
2019-09-10,180.78859999999997,1376,0.06660089134468017,0.27171218705380196,0.06892207792207793,0.21825714285714284,55.88333333333333
2019-09-11,178.1098,1427,0.06116883116883116,0.26820514533477485,0.13236796536796536,0.31494372294372297,60.28333333333333
2019-09-12,178.9454,1486,0.06340092422914509,0.2677015009530347,0.016693362193362194,0.26235353535353534,57.355555555555554
2019-09-13,179.71300000000002,1500,0.061276208731027994,0.2583095920144113,0.07871471861471861,0.21993160173160173,62.06666666666667
2019-09-14,183.89399999999998,1458,0.06506302132826522,0.2512519797275895,0.028769047619047625,0.17293809523809525,53.43333333333333
2019-09-15,188.74580000000003,1446,0.06420453425111809,0.2453873248904305,0.029896031746031743,0.1702190476190476,58.577777777777776
2019-09-16,193.57539999999997,1461,0.07130534087589303,0.2575719951486823,0.07839999999999998,0.1638857142857143,41.77777777777778
2019-09-17,202.8658,1494,0.07352437220361749,0.2596606223964714,0.11398787878787879,0.2427040404040404,51.96666666666667
2019-09-18,212.50360000000003,1525,0.07541134448541859,0.2582845652290096,0.050573593073593076,0.21285714285714288,60.31111111111111
2019-09-19,211.7342,1578,0.06946907424585998,0.2628497990105133,0.05814285714285714,0.12267857142857143,59.644444444444446
2019-09-20,217.2018,1565,0.06256635684576864,0.2563634241575418,0.052060822510822495,0.26018124098124096,63.59444444444444
2019-09-21,216.64660000000006,1513,0.06385701904932677,0.26144709990863846,0.07264502164502162,0.2403809523809524,54.35
2019-09-22,210.19739999999993,1492,0.06783169707276852,0.2659960575139147,0.09304040404040405,0.36,55.31111111111111
2019-09-23,207.20120000000003,1502,0.07176889695272051,0.2732436232068585,0.05077056277056277,0.362948051948052,39.66111111111111
2019-09-24,189.2314,1646,0.07526905095546718,0.2756854778169808,0.15956168831168827,0.26980086580086576,49.22222222222222
2019-09-25,168.61519999999996,1700,0.07212623536024702,0.2802954063055808,0.013696969696969694,0.21762121212121216,56.95
2019-09-26,166.50580000000002,1703,0.06816228970130708,0.27706371101602323,0.02947402597402598,0.16492424242424242,60.15555555555556
2019-09-27,167.23820000000003,1687,0.0667907463433032,0.27494745548012606,0.14022727272727273,0.22509090909090912,62.06111111111111
2019-09-28,173.65759999999997,1641,0.06580807061739269,0.27138977547875864,0.10904040404040403,0.2402828282828283,53.022222222222226
2019-09-29,169.75099999999998,1613,0.06602322773565551,0.27716620165319594,0.04526190476190475,0.17161904761904762,63.25555555555555
2019-09-30,173.3798,1594,0.06856512047852831,0.2816545946294551,0.043126406926406916,0.2512034632034632,36.45
2019-10-01,179.36080000000004,1656,0.06886707351290687,0.27947256293089634,0.030424242424242423,0.15837878787878787,46.916666666666664
2019-10-02,176.87099999999995,1695,0.06600040459847092,0.2782047587158085,0.012477272727272731,0.23812662337662335,42.02777777777778
2019-10-03,176.07180000000005,1714,0.06718343652002871,0.28445232452215696,0.14908080808080806,0.2965656565656566,65.25555555555556
2019-10-04,175.05720000000005,1703,0.062481177798974434,0.27690847131525104,0.12182207792207793,0.2861389610389611,58.1
2019-10-05,175.2376,1671,0.06770631436114394,0.2816631821461367,0.09552380952380952,0.20857142857142855,22.927777777777777
2019-10-07,175.88539999999998,1645,0.06181149549684034,0.273915696372593,0.09060173160173159,0.23074458874458872,31.8
2019-10-08,180.7782,1687,0.060571327896909326,0.27426132168864736,0.0542121212121212,0.2664292929292929,54.68333333333333
2019-10-09,186.442,1766,0.0576801484230056,0.2849954854669141,0.09457142857142857,0.2171082251082251,56.57222222222222
2019-10-10,191.85420000000002,1803,0.05554504765260582,0.27900864961911476,0.027027417027417025,0.14862121212121213,62.93333333333333
2019-10-11,185.53820000000007,1793,0.05119273606342572,0.27636112769733456,0.11316666666666668,0.2953888888888889,54.861111111111114
2019-10-12,182.5168,1758,0.05302577315361407,0.2744990694280467,0.0748989898989899,0.18740404040404038,50.61666666666667
2019-10-13,182.23079999999993,1711,0.050570108553063105,0.2815478957595435,0.06457142857142857,0.21731746031746035,59.06111111111111
2019-10-14,183.98300000000003,1699,0.05053619457465612,0.2908944367598214,0.030714285714285715,0.1630857142857143,29.122222222222224
2019-10-15,182.74039999999994,1744,0.049615747500362885,0.2926038384692231,-0.0014343434343434336,0.16018181818181815,53.27777777777778
2019-10-16,176.48840000000004,1761,0.04567097432482047,0.29250521913983457,0.044791305916305924,0.250271645021645,51.18333333333333
2019-10-17,175.92319999999995,1736,0.04418352315673743,0.2807926952346596,0.10076406926406925,0.2222929292929293,61.03888888888889
2019-10-18,173.50339999999997,1697,0.04619032676724984,0.28171173911558534,0.057083116883116874,0.2788389610389611,64.82222222222222
2019-10-19,172.7674,1657,0.044822051295265584,0.2937346144265788,0.030750000000000003,0.11833333333333335,55.69444444444444
2019-10-20,172.66539999999998,1598,0.03706234217171716,0.2912249391233766,0.03731818181818182,0.11968181818181821,52.83888888888889
2019-10-21,174.53419999999997,1587,0.04039792832786462,0.29172959118022807,0.1016439393939394,0.3366969696969697,29.66111111111111
2019-10-22,173.32179999999994,1654,0.06119200664655212,0.3086721872403691,0.12736147186147184,0.2972611832611832,61.03333333333333
2019-10-23,163.96180000000004,1676,0.06610538154655804,0.30041902215431626,0.19206818181818183,0.28704545454545455,48.80555555555556
2019-10-24,161.3552,1615,0.06330001697648759,0.304717044393515,0.06312121212121212,0.2917435897435897,55.66111111111111
2019-10-25,170.2218,1511,0.05936352403418273,0.30643898350485177,0.0947391774891775,0.2864285714285714,56.6
2019-10-26,182.53960000000004,1460,0.05967399099217284,0.30563824391097116,0.061818181818181814,0.19283116883116883,56.73888888888889
2019-10-27,182.57699999999997,1436,0.06136478319348692,0.310652869078795,0.0649069264069264,0.1597056277056277,62.0
2019-10-28,183.82199999999997,1439,0.06203884452331658,0.314516325634338,0.10893722943722944,0.3049076479076479,43.172222222222224
2019-10-29,186.86919999999995,1467,0.06192669821551811,0.3147751248061807,0.03176623376623377,0.2749350649350649,56.233333333333334
2019-11-01,181.72780000000003,1466,0.05639311679120599,0.2997929246973833,0.014904761904761905,0.2157142857142857,33.422222222222224
2019-11-02,183.37439999999998,1395,0.05167212477277412,0.30046611757650715,0.09902380952380951,0.2269761904761905,51.58888888888889
2019-11-03,182.10960000000003,1348,0.05545754389910236,0.2999709057176589,0.098,0.20800000000000002,55.888888888888886
2019-11-04,184.15080000000006,1345,0.05181761140094476,0.295243984410651,0.12281818181818183,0.2890606060606061,26.455555555555556
2019-11-05,187.5252,1360,0.055727413657350004,0.2964146622426877,0.12010822510822511,0.25313852813852816,64.31111111111112
2019-11-06,190.62100000000007,1384,0.055727413657350004,0.2964146622426877,0.12617965367965367,0.299995670995671,64.57222222222222
2019-11-07,187.38480000000004,1407,0.05333972257231753,0.2910751882903781,0.07531439393939393,0.28439393939393937,55.577777777777776
2019-11-08,184.4814,1393,0.04573533336436563,0.2882828670731897,0.09054541331684188,0.33866320346320344,64.41666666666667
2019-11-09,184.44939999999994,1343,0.050658939425173195,0.2876828738841726,0.088,0.20833333333333337,58.32222222222222
2019-11-10,187.37639999999993,1258,0.05298994012809801,0.2823028610035189,0.0115021645021645,0.1528961038961039,49.84444444444444
2019-11-11,186.56880000000004,1220,0.053610299032376955,0.28722818787753857,0.0371969696969697,0.2405454545454545,38.21666666666667
2019-11-12,185.40279999999998,1204,0.06368561933497002,0.29360718346107956,0.1481904761904762,0.31401082251082246,66.39444444444445
2019-11-13,186.6428,1232,0.06436865642561847,0.29101853374005276,0.11333549783549783,0.23743578643578636,57.37222222222222
2019-11-14,185.04220000000004,1257,0.055529473456688655,0.282647241705786,0.03840714285714286,0.13267380952380953,64.22777777777777
2019-11-15,181.3912,1254,0.053677287218953894,0.279173854694688,-0.0003434343434343434,0.22294949494949495,44.78333333333333
2019-11-16,181.48919999999995,1211,0.061198007239673904,0.27592502019585347,-0.024333333333333335,0.14055555555555554,43.07222222222222
2019-11-17,183.4334,1188,0.06407111636925301,0.27727184967091795,0.10637083333333333,0.2766666666666666,50.483333333333334
2019-11-18,181.09580000000003,1187,0.06344883357383359,0.27788737448893697,0.02311688311688312,0.10080519480519481,41.87222222222222
2019-11-19,175.4082,1199,0.06157383357383357,0.2738769578222703,0.027062424242424242,0.14058757575757574,66.71111111111111
2019-11-20,175.37060000000002,1218,0.062200722080240155,0.265130627126109,0.12847344877344877,0.30905685425685425,66.53333333333333
2019-11-21,167.20159999999996,1211,0.053258676843014205,0.26352550534026437,0.19626060606060605,0.3584818181818181,63.49444444444445
2019-11-22,153.17140000000003,1208,0.050525927664481884,0.2741787242766158,0.030553206168831167,0.2720484848484848,62.672222222222224
2019-11-23,150.742,1169,0.04100607151072989,0.25871976941852715,0.07338939393939392,0.25764545454545457,56.82222222222222
2019-11-24,147.46020000000001,1140,0.030477831927218417,0.2527136800372997,0.029997619047619044,0.17400952380952378,36.19444444444444
2019-11-25,142.77,1140,0.028994479767917265,0.2427149583633959,0.038896103896103894,0.12890367965367966,26.855555555555554
2019-11-26,146.62199999999996,1146,0.03243674191716359,0.24541181681994942,-0.021942424242424242,0.18597878787878788,60.46666666666667
2019-11-27,149.03959999999998,1177,0.03737729477312808,0.25806752330561866,0.14368552188552186,0.2819407407407407,55.91111111111111
2019-11-28,152.47400000000002,1200,0.03849931450230849,0.26227418179514,0.04253333333333334,0.24896666666666664,32.05
2019-11-29,153.8922,1205,0.04166037888929452,0.2512674362674363,0.1111974025974026,0.2678285714285714,59.21111111111111
2019-11-30,152.89700000000002,1153,0.038775875122028944,0.2455003614619,0.05621933621933623,0.2668766233766233,54.516666666666666
2019-12-01,149.20860000000005,1144,0.041932935800582834,0.25288817446170386,0.09383549783549784,0.22826118326118328,49.7
2019-12-02,148.9086,1210,0.04092357102773769,0.24150477278453464,0.0476969696969697,0.24444444444444446,29.877777777777776
2019-12-03,148.10619999999997,1270,0.045005321783595585,0.23273363238393,0.09855627705627706,0.412436507936508,50.772222222222226
2019-12-04,146.4544,1311,0.048108541214828625,0.23310504892091713,0.04223484848484848,0.24097727272727273,39.32222222222222
2019-12-05,146.70400000000006,1309,0.049273859507293225,0.23775590457066353,0.05909848484848485,0.2896262626262627,54.455555555555556
2019-12-06,147.66199999999998,1309,0.04621649017981352,0.2419997450985474,0.0797272727272727,0.21062289562289563,66.03333333333333
2019-12-07,148.26659999999998,1287,0.049612524774422365,0.24020395434552058,0.1107272727272727,0.28985479797979796,56.13333333333333
2019-12-08,149.02679999999998,1270,0.052154613932308545,0.24339695068736975,0.1268469696969697,0.334691341991342,54.59444444444444
2019-12-09,149.04579999999999,1269,0.05592356895241514,0.24810004098465632,0.10558270202020202,0.32105555555555554,41.13333333333333
2019-12-10,146.25880000000004,1274,0.05572086940836943,0.24941989219930388,0.08910678210678212,0.13578412698412698,44.63333333333333
2019-12-11,144.47059999999996,1324,0.06350758939058361,0.26372588006308934,0.039993650793650797,0.25950634920634924,50.56111111111111
2019-12-12,143.21459999999996,1327,0.06805378829584034,0.26697023913786916,0.1205974025974026,0.20785281385281384,53.56666666666667
2019-12-13,144.2948,1314,0.06768945062873638,0.26625104102246955,0.14576839826839824,0.2679642857142857,55.31666666666667
2019-12-14,142.91899999999995,1279,0.06730783305136756,0.2679183667545736,0.048181818181818194,0.16984848484848483,49.22222222222222
2019-12-15,142.09819999999996,1260,0.06810986211785632,0.26908117722071206,0.03222727272727272,0.1590909090909091,46.22222222222222
2019-12-16,138.63839999999993,1273,0.06829191520688614,0.27634715091110434,0.05814285714285714,0.20542857142857143,41.12222222222222
2019-12-17,128.46539999999996,1314,0.07386508880331558,0.28108934024631693,0.03178030303030302,0.18781818181818186,50.416666666666664
2019-12-18,125.4894,1331,0.0676212840627581,0.27903248004404074,0.07299134199134198,0.28499603174603183,67.80555555555556
2019-12-20,127.44620000000005,1349,0.0752132961984657,0.28582626099575253,-0.01543939393939394,0.13709090909090907,47.083333333333336
2019-12-21,127.3056,1335,0.06797371297003653,0.29244198285374756,0.04912121212121212,0.08584848484848485,47.022222222222226
2019-12-22,129.5982,1316,0.07420922990408287,0.28726707198030726,0.20369696969696968,0.3423484848484848,41.888888888888886
2019-12-23,131.5826,1312,0.07464861121659368,0.283321804089348,0.05678787878787879,0.21384848484848487,35.53888888888889
2019-12-24,127.87540000000003,1328,0.07337020013255478,0.2827266330245981,0.14122222222222222,0.28402020202020206,53.09444444444444
2019-12-25,125.0786,1322,0.07333468614718615,0.2859384496222731,0.05486868686868687,0.3377464646464647,48.394444444444446
2019-12-27,125.10719999999998,1305,0.07103547700645915,0.2860379625334982,0.09186904761904761,0.35269047619047617,62.577777777777776
2019-12-28,127.54619999999998,1270,0.0702462667803577,0.27803814115177744,0.037143939393939396,0.21353333333333335,44.455555555555556
2019-12-29,130.585,1249,0.0702462667803577,0.27803814115177744,0.08214935064935065,0.29027164502164504,39.72222222222222
2019-12-30,132.6514,1286,0.06914793248999836,0.2738736488062835,0.09424431818181818,0.3442727272727273,40.42777777777778
2019-12-31,130.27360000000002,1264,0.06793747461786383,0.279580417087902,0.059287878787878785,0.1905151515151515,54.82222222222222
2020-01-01,130.56759999999997,1260,0.06861188337610492,0.2914536403383707,0.06528787878787877,0.29798340548340546,50.18333333333333
2020-01-02,128.40279999999996,1273,0.05972282874695155,0.2830414103440418,0.11619444444444443,0.3058888888888889,65.5
2020-01-03,131.05019999999996,1214,0.05438157153395915,0.29179520931627667,0.10825633889919604,0.1752655534941249,54.605555555555554
2020-01-04,133.53420000000003,1156,0.05590009288285152,0.31421241354431,0.068757326007326,0.2839258241758242,61.31666666666667
2020-01-05,136.03300000000002,1118,0.050801695112039975,0.31238910381870144,0.25733333333333336,0.3806666666666667,49.46666666666667
2020-01-06,140.43499999999997,1106,0.041494892427095836,0.3025822155977522,0.12871735209235208,0.3082539682539683,43.105555555555554
2020-01-07,142.81700000000004,1105,0.03927792673930316,0.3063312335292671,0.15456385281385282,0.3164112554112554,65.0111111111111
2020-01-08,142.2982,1123,0.039908678766919004,0.30898607367182773,0.015547474747474747,0.21381616161616165,59.43333333333333
2020-01-09,138.3944,1134,0.03618835034013607,0.30050184324222773,0.020278138528138534,0.2618944805194805,61.97222222222222
2020-01-10,139.36720000000003,1126,0.044833177734963474,0.2966512600647215,0.051454545454545454,0.19866666666666666,63.638888888888886
2020-01-11,143.86179999999996,1089,0.04366239550003139,0.29516427337758844,0.06490909090909092,0.262482683982684,58.52777777777778
2020-01-12,144.33959999999996,1066,0.03983993173191543,0.28594325888483485,0.09266233766233765,0.34924963924963925,51.205555555555556
2020-01-13,143.50600000000003,1064,0.03638587459777299,0.2906548049395642,0.13144462481962482,0.26331746031746034,31.83888888888889
2020-01-14,155.0292,1084,0.03623090313566504,0.28481590719685945,0.0625211038961039,0.20980735930735928,67.85
2020-01-15,164.55199999999994,1129,0.04411419136419137,0.28853150980074044,0.10523809523809524,0.2955079365079365,66.07222222222222
2020-01-16,162.13739999999999,1151,0.045461490828758874,0.28747214841287,0.07188888888888889,0.15628571428571428,54.794444444444444
2020-01-17,168.83820000000003,1130,0.044626179376179374,0.28374851501774573,0.05795454545454545,0.3033484848484848,58.977777777777774
2020-01-18,172.12360000000004,1106,0.04215128376113226,0.28432243121637046,0.09456764069264068,0.2779556277056277,66.12222222222222
2020-01-19,169.77420000000006,1063,0.04819363554543965,0.28778211479242394,0.21633333333333332,0.4160000000000001,62.666666666666664
2020-01-20,165.59779999999998,1049,0.05007967957967958,0.28460759112682177,0.07683333333333334,0.3316666666666667,40.4
2020-01-21,167.42120000000003,1047,0.05121258383240248,0.2837018263831734,0.19178874458874456,0.4172329004329004,68.9888888888889
2020-01-22,167.87780000000004,1058,0.05680806593177726,0.28995207470078593,0.04853679653679654,0.2807095238095238,62.86666666666667
2020-01-23,162.69140000000002,1087,0.060106932729355425,0.2923171745207826,0.10584848484848486,0.2047575757575758,68.92222222222222
2020-01-24,160.4064,1063,0.06174118764969282,0.29546658095627154,0.11702741702741702,0.21589610389610392,53.522222222222226
2020-01-25,159.83780000000007,1051,0.06641549422799425,0.29864363810792366,0.13768901515151513,0.29472727272727267,42.05555555555556
2020-01-26,163.15240000000006,1054,0.06348183612777526,0.29734457026335187,0.050746320346320345,0.3304813852813853,66.90555555555555
2020-01-27,168.53,1032,0.06486576624834205,0.30306084347751006,0.04733333333333333,0.17,34.93888888888889
2020-01-28,172.0118,1042,0.06637335858585863,0.2975302350427349,0.09158383838383839,0.22605737373737372,36.9
2020-01-29,175.96500000000003,1062,0.0759149685003344,0.28869384138896326,0.09942207792207791,0.23379653679653678,63.15
2020-01-30,177.04833333333332,1070,0.07861267729560414,0.2908298354761768,0.04499715007215008,0.19035584415584417,60.227777777777774
2020-01-31,180.6058,1074,0.07725360206515988,0.29546429352333864,0.12617729677729675,0.3465463684463685,65.4
2020-02-01,182.06619999999998,1067,0.07656835766132251,0.29619522088743183,0.046009090909090916,0.2996484848484849,53.08888888888889
2020-02-02,187.93439999999998,1061,0.07757338278695067,0.2916726078221052,0.08793578643578645,0.23801082251082253,64.77777777777777
2020-02-06,209.72260000000006,1115,0.09044872007244455,0.3043581999066691,0.055045454545454536,0.20774999999999996,74.15
2020-02-07,219.77560000000005,1106,0.09229881538214871,0.3074039393654776,0.06202777777777777,0.29677777777777775,75.2388888888889
2020-02-08,223.17920000000007,1076,0.0945808792492466,0.3029408523732501,0.16179329004329004,0.43087987012987006,56.55555555555556
2020-02-09,227.4992000000001,1064,0.09724909564471425,0.3066366916302481,0.013454545454545459,0.20284848484848486,72.35555555555555
2020-02-10,222.5318,1062,0.09880363217347757,0.31299520425164734,0.1281103896103896,0.3028766233766234,37.62222222222222
2020-02-11,227.08260000000007,1081,0.09719186866128357,0.3142743065149978,0.07449278499278499,0.23324098124098128,49.23888888888889
2020-02-13,267.7664,1141,0.09635410270383675,0.30907927105400484,0.08218073593073592,0.28409523809523807,67.7
2020-02-14,273.0468,1131,0.09851617594103936,0.3061093664987105,0.11270454545454545,0.21990043290043296,72.6
2020-02-15,276.2328,1102,0.09029052901946161,0.3035914826434487,0.10921174242424242,0.19186969696969697,61.52777777777778
2020-02-16,262.61820000000006,1068,0.09274114959114962,0.3116038239538236,0.0765952380952381,0.21792857142857147,35.0
2020-02-17,254.46019999999996,1054,0.09445549847130309,0.3143285585742479,0.10464545454545453,0.2889242424242424,34.772222222222226
2020-02-18,272.58340000000004,1056,0.08712791226440657,0.3166753018692671,0.09594861471861474,0.2899018181818182,75.17222222222222
2020-02-19,277.07800000000003,1088,0.08265712682379354,0.3129221090212467,0.06507467532467533,0.22382900432900435,71.21111111111111
2020-02-20,257.2918,1112,0.08448198065930627,0.3090028188865396,0.05704848484848485,0.24963333333333337,73.55
2020-02-21,262.6434,1106,0.07872159706224036,0.3074528176501858,0.022030303030303032,0.29473737373737374,71.71111111111111
2020-02-22,261.90280000000007,1086,0.07885191547255503,0.3063700229034529,0.07644444444444445,0.2229907070707071,62.1
2020-02-23,270.2988,1076,0.06506364114551254,0.2979940275773607,0.10960714285714283,0.30390476190476196,67.63888888888889
2020-02-24,267.37660000000005,1069,0.07047483050459247,0.30384445002748556,0.013976190476190475,0.2528619047619048,40.25555555555555
2020-02-25,256.0244,1079,0.06452937746877145,0.29246806812715886,0.11800000000000001,0.3242333333333333,70.96666666666667
2020-02-26,233.11559999999997,1106,0.06252737501231481,0.2913611045915261,0.04333333333333333,0.2311111111111111,76.22222222222223
2020-02-27,226.5136,1131,0.06623966213360157,0.2917917595872139,0.10212121212121211,0.3250909090909091,70.25
2020-02-28,225.30040000000005,1126,0.06745178334572276,0.290933173728628,0.14627272727272728,0.28205194805194805,68.46666666666667
2020-03-01,219.62739999999997,1014,0.054449664218772474,0.2921347000487126,0.0218966810966811,0.2337021645021645,64.37222222222222
2020-03-02,225.54219999999995,1020,0.05669798180214845,0.29790595978095963,-0.004226363636363639,0.26037333333333335,54.46111111111111
2020-03-03,226.81859999999995,1039,0.05713504473921139,0.3003243746993745,0.07319852813852813,0.2147209523809524,65.84444444444445
2020-03-04,224.3564,1040,0.06266986516164147,0.2839565651818941,0.14337878787878788,0.26448989898989894,68.12777777777778
2020-03-05,229.9478,1044,0.06962041956360138,0.2972629706152432,0.07455411255411257,0.26775974025974014,65.43333333333334
2020-03-07,242.8676,1010,0.05213506786423452,0.27991295741295735,0.08746284271284271,0.21623751803751806,67.79444444444445
2020-03-08,222.10940000000005,999,0.04888366382721221,0.2757234092072801,0.07038095238095238,0.22280952380952382,60.21666666666667
2020-03-09,200.65939999999995,1026,0.047888679040639814,0.2746072300974261,0.06519264069264068,0.24756277056277057,68.97777777777777
2020-03-10,201.52,1039,0.05243489880003037,0.28152867965367956,0.08461111111111111,0.25345555555555555,73.18888888888888
2020-03-11,195.80999999999997,1028,0.04737497090722896,0.2704857794535213,0.07034632034632034,0.23594805194805196,64.78333333333333
2020-03-12,152.10760000000002,1062,0.02725195611841574,0.2719738870515267,-0.014694877344877351,0.30959119769119764,56.37777777777778
2020-03-13,125.31859999999999,1073,0.027163889569549935,0.2756134344341891,0.012483682983682985,0.19261915861915868,67.53888888888889
2020-03-14,128.95879999999997,1045,0.03150809532885003,0.27319118861571684,0.09800757575757575,0.20562770562770563,42.11666666666667
2020-03-15,123.31080000000001,1027,0.03114140957495387,0.26918888249584444,0.07735497835497836,0.31333766233766236,66.87222222222222
2020-03-16,112.59760000000004,1031,0.030234289903644736,0.2732341153470185,0.10276363636363638,0.2506454545454545,58.92777777777778
2020-03-17,117.04819999999998,1040,0.03481314295023971,0.26712300423590746,0.06645833333333334,0.2506111111111111,71.20555555555555
2020-03-18,115.46240000000002,1033,0.041640933921778076,0.2673424176833268,0.033619696969696966,0.17383333333333334,74.85555555555555
2020-03-19,127.08999999999995,1033,0.04634626646801971,0.2627166141938869,0.09692929292929292,0.2627777777777778,68.5
2020-03-20,138.14500000000004,1015,0.04173526742075129,0.2702031606386444,0.08988961038961037,0.2913961038961039,71.65555555555555
2020-03-21,131.94020000000003,990,0.041541399617698316,0.2710152662993571,0.06262121212121212,0.26101515151515153,68.51666666666667
2020-03-22,129.80259999999998,970,0.04451168877124291,0.2755927909669948,0.05333333333333333,0.16,67.36111111111111
2020-03-23,128.02959999999996,981,0.04413407355654191,0.2744342954865107,0.016954545454545455,0.20438888888888887,48.26111111111111
2020-03-24,137.8714,983,0.05380281295653967,0.2890655893450924,0.013696969696969706,0.26016450216450215,70.71111111111111
2020-03-25,137.06439999999998,978,0.051771656295093796,0.2835225018037518,0.07248051948051948,0.2474112554112554,74.22222222222223
2020-03-26,136.00780000000006,972,0.04696583337787042,0.2957115244152281,0.10036017316017315,0.22379567099567094,75.98333333333333
2020-03-27,136.84679999999997,951,0.046531296753689395,0.2887825449942015,-0.003974025974025976,0.1578961038961039,63.516666666666666
2020-03-28,128.95540000000003,923,0.05047115546348677,0.292841849697678,-0.018222222222222223,0.12088888888888888,62.888888888888886
2020-03-29,128.31840000000003,949,0.04187522685222073,0.28990450074805907,0.09449047619047621,0.22860476190476195,67.63888888888889
2020-03-30,131.07480000000004,983,0.038631074106534234,0.2839819978930409,0.16721464646464645,0.36873737373737364,47.69444444444444
2020-03-31,132.7896,1008,0.04154602816093502,0.2912646652864045,0.07883852813852814,0.28354819624819627,69.4888888888889
2020-04-01,132.1372,1021,0.04345006502413912,0.29533093278463657,0.056318181818181816,0.16168181818181818,67.4888888888889
2020-04-02,138.99580000000003,1033,0.04722803932178934,0.30702848800505056,0.0023636363636363633,0.13927272727272727,70.28333333333333
2020-04-03,142.456,1041,0.045294851801063,0.30715187590187587,0.14807229437229438,0.33984256854256856,74.85555555555555
2020-04-04,142.401,1022,0.04357815062784008,0.3067119173097434,0.08084848484848484,0.27793939393939393,70.29444444444445
2020-04-05,143.4412,1008,0.039222761120909284,0.3063150798104502,0.041017261904761904,0.2322142857142857,68.7
2020-04-06,156.333,998,0.03372582532643509,0.29328404911484185,0.062195165945165935,0.2193344155844156,62.66111111111111
2020-04-07,170.25279999999995,992,0.040913667929292935,0.2884665291305917,0.1583037518037518,0.42906277056277065,72.55
2020-04-08,169.91420000000002,1013,0.044466322025284305,0.296371679508472,0.07043722943722944,0.22333333333333336,77.61666666666666
2020-04-09,170.50759999999994,1017,0.04624829267517948,0.2965289122128745,0.08324025974025974,0.2703246753246753,73.81666666666666
2020-04-10,160.0138,1011,0.04325832078549471,0.29263828390381186,0.10718181818181817,0.2312727272727273,75.62777777777778
2020-04-11,158.367,983,0.03921903708782591,0.28902316196570854,0.17841558441558442,0.22684848484848488,76.11111111111111
2020-04-12,159.66880000000003,978,0.036894711625180376,0.29119414006132754,0.12913392857142858,0.21385714285714286,64.51666666666667
2020-04-13,154.20739999999995,928,0.04912333666684934,0.2776596776992346,0.0703392857142857,0.22330158730158733,54.23888888888889
2020-04-14,158.5186,911,0.04615920164575228,0.2716424986757265,0.010679653679653683,0.17194805194805196,71.70555555555555
2020-04-15,157.65820000000002,927,0.05014526480903064,0.2799598493981405,0.045887662337662324,0.17978817848817846,48.144444444444446
2020-04-16,165.63139999999999,954,0.04942801339285716,0.29112417703823945,0.1562034632034632,0.3581901154401155,67.58333333333333
2020-04-18,178.71480000000008,935,0.04672593522829373,0.3020681772804414,0.02330952380952381,0.19435714285714287,59.75
2020-04-19,182.8562,935,0.0439743629012497,0.3019109445760388,0.1323536255411255,0.29955266955266957,72.11666666666666
2020-04-20,178.44920000000002,929,0.04958947629938197,0.30679151124905824,0.1161212121212121,0.2871818181818182,56.92777777777778
2020-04-21,171.83759999999995,953,0.053068618209747266,0.30551027556672705,0.06888888888888889,0.23422222222222225,68.75
2020-04-22,177.61520000000004,975,0.05801442650062782,0.322134014073949,0.07327128427128428,0.2396648629148629,70.68333333333334
2020-04-23,185.41640000000004,1008,0.05889192520442523,0.3167807720057718,0.05446349206349205,0.2535849206349206,71.05555555555556
2020-04-24,187.74900000000005,1009,0.059643081098618045,0.31958050059560106,0.08657575757575757,0.22418181818181818,66.2388888888889
2020-04-25,192.84099999999998,1000,0.050605871699621705,0.31332355894855884,0.0999,0.15553333333333333,74.59444444444445
2020-04-26,195.56820000000005,993,0.047840975672351516,0.30758842015553406,0.08850317460317461,0.26534285714285716,76.52222222222223
2020-04-27,195.34700000000004,1047,0.05373854983229983,0.2969978013728012,0.13915319865319867,0.20164276094276093,19.427777777777777
2020-04-28,195.74880000000002,1051,0.05659472044317934,0.29682621222004774,0.1396099567099567,0.2859601731601732,55.333333333333336
2020-04-29,208.19479999999996,1074,0.05654426832812249,0.3018957681978514,0.12785930735930737,0.301747619047619,54.46153846153846
2020-04-30,213.543,1045,0.05867650631681244,0.3083902190024638,0.13495555555555558,0.34116825396825395,62.78333333333333
2020-05-01,211.5216,1034,0.05664261866023611,0.3046836534084855,0.11072294372294371,0.2996969696969697,67.04444444444445
2020-05-02,213.12139999999988,1011,0.0532650012025012,0.3077913179413178,0.128612987012987,0.2326374458874459,74.43888888888888
2020-05-03,212.57340000000005,989,0.0525759342946843,0.30584249834249827,0.16528787878787882,0.2304318181818182,68.79444444444445
2020-05-04,203.61460000000002,977,0.05557896224146224,0.29699540644540634,0.10056277056277056,0.31233225108225104,61.894444444444446
2020-05-05,205.88740000000004,984,0.06287155459030458,0.30409575972075964,0.1447121212121212,0.32788419913419914,71.37222222222222
2020-05-06,206.69780000000003,989,0.06584892376142376,0.31015815295815286,0.1004949494949495,0.2899040404040404,62.98888888888889
2020-05-07,207.31599999999992,999,0.06884965421955218,0.32255882439555894,0.1182979797979798,0.30997474747474746,65.59444444444445
2020-05-08,212.149,985,0.07144855575459023,0.3257550380653828,0.0501060606060606,0.2166212121212121,60.827777777777776
2020-05-09,211.37060000000002,966,0.06957652324999264,0.32476889890155186,0.06370779220779221,0.18882034632034628,64.11111111111111
2020-05-10,188.3786,931,0.06710753773253773,0.3215046946296945,0.1043939393939394,0.21475757575757573,74.15555555555555
2020-05-11,187.0222,943,0.0679125491366871,0.32004000597104026,0.13799747474747473,0.3594116161616162,68.5111111111111
2020-05-12,189.5134,961,0.06478611235507788,0.3163771707219981,0.12636625180375177,0.2930634920634921,68.6
2020-05-13,194.07180000000005,1022,0.0775554715451976,0.326873282729447,0.07836363636363636,0.25651515151515153,61.855555555555554
2020-05-14,200.95800000000006,1083,0.07620755270084129,0.3327319064231814,0.12439393939393939,0.25416666666666665,56.91111111111111
2020-05-15,198.73599999999996,1079,0.07493238491560639,0.3364679243202731,0.05325432900432899,0.31894372294372286,58.75
2020-05-16,199.97779999999995,1073,0.07414071476571478,0.3299585474585473,0.006111111111111111,0.15888888888888889,54.87222222222222
2020-05-17,204.6836,1058,0.07624859919380467,0.3263179096398273,0.06478787878787878,0.20929292929292928,67.88333333333334
2020-05-18,212.73100000000005,1138,0.07276400892172703,0.3148788310868847,0.12226406926406927,0.261,63.44444444444444
2020-05-19,212.49879999999996,1158,0.07209110806049582,0.31458050830499795,0.054621212121212126,0.17937229437229432,60.766666666666666
2020-05-20,211.946,1158,0.07137829479666213,0.3114799203064508,0.06188333333333333,0.24053333333333335,59.388888888888886
2020-05-21,203.86420000000007,1141,0.06822999072999072,0.31101162163662155,0.047493939393939394,0.3116575757575758,59.12222222222222
2020-05-22,203.22119999999995,1115,0.066414536246751,0.30971847876210284,0.02483333333333333,0.19966666666666666,57.227777777777774
2020-05-23,207.6614,1097,0.06675010671654967,0.3084880537061744,0.08630890151515151,0.21426111111111112,45.855555555555554
2020-05-24,206.76499999999993,1074,0.06375909726238674,0.30561110125254853,0.24114285714285713,0.43542857142857144,52.65555555555556
2020-05-25,203.20819999999995,1077,0.06538722866537436,0.31329712414149485,0.07177272727272727,0.24533333333333335,66.7611111111111
2020-05-26,201.90619999999993,1090,0.07083829503829503,0.31728812853812843,0.13040000000000002,0.2687818181818182,62.62777777777778
