Date,LTC_Price,Number_of_articles,news_sentiment,news_subjectivity,reddit_sentiment,reddit_subjectivity,google_trends
2019-03-27,60.34666666666666,657,0.047104979038217684,0.2900285211421574,0.0309439393939394,0.2220686868686869,53.422222222222224
2019-03-28,60.404166666666676,683,0.04985814539957398,0.2928019556105269,0.04665530303030302,0.18571807359307357,55.17777777777778
2019-03-29,60.66541666666666,699,0.05215618071796233,0.29486786723280967,0.0779090909090909,0.151,57.31111111111111
2019-03-30,60.47104166666667,710,0.05215618071796233,0.29486786723280967,0.07991718426501036,0.1408385093167702,54.672222222222224
2019-03-31,60.13479166666667,704,0.060898802920479216,0.2945101899812881,0.08180000000000001,0.22920000000000001,48.07222222222222
2019-04-01,60.351875,715,0.05561400625581914,0.2913283390856488,0.08614141414141413,0.21643434343434342,27.68888888888889
2019-04-02,68.32083333333335,784,0.059871427675948975,0.29685834152057544,0.06582031625781627,0.194250481000481,42.272222222222226
2019-04-03,85.70083333333334,812,0.06187278106883371,0.290868019796967,0.0747936507936508,0.2913079365079365,55.272222222222226
2019-04-04,85.54270833333334,836,0.06220684628304951,0.27120100032666883,0.10158585858585857,0.28455050505050505,74.69444444444444
2019-04-05,87.42958333333335,833,0.06166065991730887,0.27590712469169915,0.08581818181818182,0.22428282828282828,66.91666666666667
2019-04-06,89.78687500000002,810,0.05601016113516115,0.2674886711728816,0.11581240981240981,0.3183629148629148,55.81666666666667
2019-04-07,92.69041666666669,788,0.059015890552348904,0.2697466981321147,0.099,0.19599999999999998,46.52777777777778
2019-04-08,89.54291666666664,798,0.05570478470218054,0.26481982523649183,0.0851161616161616,0.2134444444444445,63.483333333333334
2019-04-09,87.39354166666668,800,0.05889163565479355,0.26522384243436875,0.02208181818181816,0.20673419913419913,52.72222222222222
2019-04-10,88.38791666666667,817,0.06166870965954736,0.2641307301385835,0.1035909090909091,0.3027030303030303,64.07222222222222
2019-04-11,81.2025,843,0.06349172310151148,0.2692399110785354,0.08916666666666667,0.20833333333333331,63.95
2019-04-12,78.70916666666669,838,0.05976289341624395,0.26619600521662373,0.06428181818181818,0.1846727272727273,56.48888888888889
2019-04-13,78.74229166666667,825,0.06361168184137729,0.27350717716199946,0.09799972943722944,0.2561965367965368,60.82222222222222
2019-04-14,78.44645833333334,806,0.06408799271557004,0.2833584990801485,0.17383333333333334,0.21583333333333335,49.394444444444446
2019-04-15,81.08729166666667,797,0.06678131436464771,0.2842741209407875,0.1165171717171717,0.277220202020202,27.92222222222222
2019-04-17,79.83020833333335,819,0.06915323460426555,0.29354794880568075,0.12937121212121214,0.1510151515151515,57.37777777777778
2019-04-18,81.295,830,0.06802241928517441,0.29446412619882006,0.10363636363636364,0.18290909090909088,49.794444444444444
2019-04-19,81.69208333333331,826,0.07078486889092953,0.2993896942003003,0.1423333333333333,0.24166666666666664,56.88333333333333
2019-04-20,81.68708333333335,791,0.07078486889092953,0.30317757298817904,0.1405,0.27,56.638888888888886
2019-04-21,77.90666666666665,773,0.07294663669663672,0.29638663188663184,0.10401010101010101,0.24140404040404043,62.93888888888889
2019-04-22,76.79125,780,0.07090882538217566,0.29681812688157866,0.08,0.15,47.74444444444445
2019-04-23,77.66979166666668,787,0.07064962814962816,0.29402195952195953,0.07050432900432899,0.36576190476190484,55.42777777777778
2019-04-24,72.62479166666667,814,0.07605403397482609,0.3041551119397654,0.0905930735930736,0.15956277056277052,57.80555555555556
2019-04-25,73.27791666666666,831,0.07059848664326279,0.2995272554974047,0.09483333333333334,0.17033333333333334,55.705555555555556
2019-04-26,71.04583333333333,818,0.06851169836244467,0.2946488696488696,0.020666666666666673,0.1743333333333333,56.166666666666664
2019-04-27,71.05958333333334,812,0.07048101842877966,0.3034797154200139,0.1368598484848485,0.1961190476190476,50.13333333333333
2019-04-28,69.09833333333331,793,0.0749030371231864,0.31200150043433617,0.11556060606060609,0.20802020202020202,58.90555555555556
2019-04-29,66.97291666666666,797,0.07376290445320298,0.3140951986101239,0.020454545454545454,0.16718181818181818,36.07222222222222
2019-04-30,70.25187500000003,789,0.0725520319889132,0.31375726858400116,0.12154040404040402,0.20394949494949496,57.59444444444444
2019-05-01,72.53270833333333,784,0.06214870833773275,0.31226375250765487,0.03788888888888889,0.1507777777777778,55.78888888888889
2019-05-02,72.32104166666667,751,0.0630806045806046,0.3089067599067598,0.06849999999999999,0.27616666666666667,51.733333333333334
2019-05-03,76.18145833333332,697,0.06285993727055907,0.3040165907782487,0.21184920634920634,0.3602460317460317,59.888888888888886
2019-05-04,76.76687500000001,661,0.06369722941243562,0.3074926238328299,0.07033333333333333,0.15199999999999997,58.52777777777778
2019-05-05,75.77770833333334,632,0.0659101057183068,0.31773649826559863,0.18421052631578946,0.21184210526315786,60.05555555555556
2019-05-06,73.49729166666668,621,0.07496210555455349,0.316551007345278,0.106,0.137,48.99444444444445
2019-05-07,75.456875,636,0.07018133909006927,0.3141236820205073,0.21146496212121213,0.23084848484848486,57.28333333333333
2019-05-08,73.27895833333335,643,0.068340510165907,0.31527006650022504,0.06363636363636363,0.20316883116883117,49.388888888888886
2019-05-09,73.66374999999998,642,0.07204114404114406,0.31748360590027236,-0.02066666666666667,0.09038095238095238,50.21666666666667
2019-05-10,75.67125,642,0.07224698699826253,0.3114252093333725,0.19565909090909092,0.21572727272727274,56.477777777777774
2019-05-11,84.89375,630,0.06803273794567329,0.3127497373641651,0.1235151515151515,0.3231818181818181,54.1
2019-05-12,87.66770833333332,609,0.06691090473110178,0.3036887109424054,0.08503030303030303,0.19787878787878785,64.39444444444445
2019-05-13,87.70395833333335,659,0.06931497095109662,0.29797087051013743,-0.013295454545454546,0.23418181818181819,51.96666666666667
2019-05-14,90.10583333333331,701,0.07796888296888298,0.30157596724263386,0.07166666666666667,0.20771428571428577,65.74444444444444
2019-05-15,95.90916666666665,730,0.08320407058927468,0.30044753904447774,0.05518181818181818,0.18901010101010102,58.67777777777778
2019-05-16,98.21291666666667,731,0.08242540584415585,0.31314692159692153,0.1171751803751804,0.2912270562770562,72.07222222222222
2019-05-17,88.03937499999999,755,0.08439664502164503,0.31157053696078074,0.09570454545454546,0.15175,60.483333333333334
2019-05-18,87.70562500000001,742,0.08136907856576975,0.30327906751926353,0.07383333333333333,0.3546666666666667,51.25555555555555
2019-05-19,93.15125,733,0.08185201327134826,0.2986154176055653,0.1523590909090909,0.3018858585858586,50.62777777777778
2019-05-20,91.08854166666667,746,0.08123597333710401,0.297331305396632,0.132,0.32233333333333336,52.044444444444444
2019-05-21,91.39666666666666,761,0.07952685615931887,0.29623468755309545,0.09766666666666665,0.19091666666666665,65.18888888888888
2019-05-22,90.54729166666665,780,0.07968751110684609,0.30743762987605344,0.07090476190476189,0.1617857142857143,58.611111111111114
2019-05-23,87.52770833333334,801,0.0766313340839856,0.3079218471390188,0.067,0.21849999999999997,39.46666666666667
2019-05-24,96.28937500000002,807,0.08937723325904018,0.3155097033512874,0.0492,0.1128,61.138888888888886
2019-05-25,102.31833333333331,822,0.08910577972331703,0.31349756508462967,0.1257164502164502,0.15694372294372294,65.75
2019-05-26,103.12354166666665,789,0.08742059028233269,0.3009764589133276,0.04633333333333334,0.042333333333333334,38.772222222222226
2019-05-27,114.71041666666666,839,0.08687586652599215,0.3068215814522347,0.14501818181818182,0.16546666666666662,63.18888888888889
2019-05-28,114.8062,845,0.087763638720297,0.3051381643668075,0.05011616161616161,0.16903535353535354,60.69444444444444
2019-05-29,114.75540000000001,861,0.08720168332484507,0.3003306088428637,-0.11618181818181819,0.38372727272727275,67.17777777777778
2019-05-30,114.5618,888,0.08697534551478725,0.30383333216585634,0.1039878787878788,0.16264848484848485,59.59444444444444
2019-05-31,109.09859999999999,876,0.08934462759462755,0.3046159662097162,0.12266666666666666,0.09933333333333333,72.39444444444445
2019-06-01,113.4462,864,0.09013307331423269,0.3033921083389682,0.06834632034632034,0.1866147186147186,60.36666666666667
2019-06-02,114.0184,858,0.0945951296924203,0.3015544348007402,0.07533333333333334,0.06766666666666667,62.577777777777776
2019-06-03,111.82440000000001,864,0.09512809868406881,0.30129113690805226,0.14866666666666664,0.1780952380952381,43.63333333333333
2019-06-04,102.92380000000003,863,0.09477790333305036,0.2999333696441539,0.054650505050505054,0.1480940836940837,58.422222222222224
2019-06-05,102.86839999999997,869,0.0951591669496081,0.30065504720406677,0.07755346320346321,0.21219329004329004,64.61111111111111
2019-06-06,104.70939999999999,874,0.09409707544634012,0.3005733478576616,0.055158730158730164,0.1587063492063492,40.477777777777774
2019-06-07,114.71719999999999,879,0.08831951395487977,0.2962187402480085,0.041277777777777774,0.12505555555555556,54.32222222222222
2019-06-08,116.75659999999999,851,0.08617703911514586,0.2972061308881697,0.0526058201058201,0.2033068783068783,56.87777777777778
2019-06-09,116.0608,844,0.08620737892097112,0.29611389787846093,0.1668909090909091,0.21316969696969693,63.666666666666664
2019-06-10,121.75639999999997,832,0.08374760154586887,0.2901330900947237,0.001636363636363637,0.26789898989898986,57.144444444444446
2019-06-11,130.9236,839,0.08591214562110082,0.2924104369925265,0.06466666666666666,0.2248333333333333,53.12777777777778
2019-06-12,138.09159999999997,868,0.08985899374215954,0.29147049823431725,0.03622539682539682,0.16713968253968253,65.56666666666666
2019-06-13,133.9106,888,0.09387617472769753,0.3016870627961998,0.06547272727272727,0.18316363636363636,64.16666666666667
2019-06-14,130.1904,839,0.08885854007808318,0.298058362815977,0.10010389610389608,0.2774025974025973,67.43333333333334
2019-06-15,136.26960000000003,795,0.08308597823170688,0.29090918698833274,-0.026812121212121204,0.15478181818181816,65.85
2019-06-16,135.9952,778,0.08146876196365992,0.284635327399358,0.07899999999999999,0.19228571428571428,69.62777777777778
2019-06-17,135.08299999999997,755,0.09184184854497351,0.2838885675955989,0.10212445887445887,0.22859644059644058,50.611111111111114
2019-06-18,132.8854,760,0.08686717610725544,0.28769837261503944,0.048264069264069266,0.3355158175158175,71.01666666666667
2019-06-19,136.8542,778,0.08517886441894375,0.28668346160012836,0.0638060606060606,0.19925887445887447,64.1
2019-06-20,135.51608695652175,803,0.08421350376868991,0.2855044729206964,0.08727777777777777,0.18568888888888893,60.95
2019-06-21,137.6286,800,0.0817261686413002,0.28596407496012766,0.09328571428571428,0.2945238095238095,49.30555555555556
2019-06-22,141.10719999999998,805,0.08317989641859319,0.2869054507844402,0.06812121212121212,0.24155555555555555,59.3
2019-06-23,139.7832,792,0.08563005629248942,0.2821562820720576,0.09535454545454543,0.19659999999999994,56.18333333333333
2019-06-24,134.81240000000003,793,0.08438363485890223,0.27800649543563993,0.0989090909090909,0.15851515151515153,57.58888888888889
2019-06-25,134.31820000000005,786,0.07052526493201096,0.2781084789695902,0.1098008658008658,0.19741558441558438,61.87777777777778
2019-06-26,134.215,809,0.07178756723074903,0.28087196834656736,0.09333333333333332,0.12027777777777779,46.8
2019-06-27,119.0916,840,0.07099744707085975,0.26888142002030907,0.09300000000000001,0.11,64.33333333333333
2019-06-28,117.21520000000001,793,0.054501509556990825,0.26205308817741974,0.05242857142857143,0.17242857142857143,64.03333333333333
2019-06-29,125.04120000000003,783,0.05459063611670562,0.26053793666226815,-0.006000000000000001,0.0455,60.87777777777778
2019-06-30,129.672,745,0.053703646487920684,0.24450262416794674,0.030005050505050503,0.2038131313131313,70.86111111111111
2019-07-01,121.02600000000005,762,0.053541818826735046,0.23985011124815597,0.0770181818181818,0.14586060606060605,47.96111111111111
2019-07-02,117.15220000000001,777,0.05368571589800641,0.24220748385692523,0.25090909090909097,0.3485064935064935,62.955555555555556
2019-07-03,120.09259999999996,789,0.053537153278819964,0.24149768919352252,0.019954545454545454,0.0975,54.93333333333333
2019-07-04,122.62299999999998,784,0.0548819377447949,0.24129892187177898,-0.008984848484848484,0.16490404040404041,51.355555555555554
2019-07-05,119.0694,777,0.05880215302374395,0.2665106236881805,0.08251211332070708,0.2583838383838384,59.28333333333333
2019-07-06,119.47159999999998,768,0.05951914436573527,0.2597059700085268,0.0248,0.19399999999999998,60.91111111111111
2019-07-07,118.84200000000001,762,0.06211616569243689,0.26348324039425736,0.1728848484848485,0.1974939393939394,62.455555555555556
2019-07-08,120.42700000000002,754,0.06198953960601688,0.2604572804615418,0.049727272727272724,0.1615909090909091,55.6
2019-07-09,120.71859999999998,763,0.0621258196710174,0.25248074843131346,0.1261468253968254,0.13774603174603173,63.705555555555556
2019-07-10,114.08519999999999,781,0.060480482114662906,0.25083576754904446,0.04015151515151515,0.08106060606060606,54.65
2019-07-11,102.83880000000005,779,0.06039847560892761,0.2548919793849173,0.04675000000000001,0.114,65.95
2019-07-12,104.58220000000004,800,0.06036113912392324,0.25705734359285504,0.0004444444444444473,0.09244444444444444,63.40555555555556
2019-07-13,101.90520000000001,765,0.049956811759368586,0.2663861429500635,-0.0008484848484848473,0.15655555555555556,54.861111111111114
2019-07-14,94.65000000000002,742,0.042274438628958376,0.2613203979531664,0.17256666666666665,0.28686666666666666,59.5
2019-07-15,89.4302,745,0.03702149070065735,0.2586860008818342,0.11306060606060604,0.21568831168831168,40.78888888888889
2019-07-16,86.07639999999999,756,0.035052375682993644,0.2497284380725392,0.08621212121212121,0.18493939393939393,59.96666666666667
2019-07-17,84.79999999999998,773,0.02945469175885842,0.25254314373897707,0.05266666666666667,0.2016666666666667,61.827777777777776
2019-07-18,95.17479999999999,770,0.04414304781569974,0.25934634492783665,0.14308838383838385,0.2548131313131313,66.81111111111112
2019-07-19,98.0156,753,0.04122392134962757,0.24933055399298337,0.10184040404040404,0.29943838383838384,66.86666666666666
2019-07-20,100.65780000000001,726,0.04349582148010717,0.25318403834260983,0.02789393939393939,0.2,54.62777777777778
2019-07-21,98.89300000000001,700,0.04225989074417644,0.2557944279529994,0.1461785714285714,0.1791785714285714,61.705555555555556
2019-07-22,96.30980000000001,696,0.043464838725013125,0.24787096532881422,0.08016666666666668,0.2998333333333333,31.97222222222222
2019-07-23,91.74579999999997,692,0.0461641742731859,0.24755719641039411,0.06921060606060606,0.26306868686868684,56.08888888888889
2019-07-24,91.21679999999998,707,0.05761498849424989,0.24898582073440031,0.09820105820105822,0.17365464165464164,68.77777777777777
2019-07-25,94.25560000000002,680,0.06082546109701285,0.2541548012970427,0.184387987012987,0.2377972582972583,54.23888888888889
2019-07-26,92.93440000000004,669,0.05909098227169658,0.2597897897340755,0.04175757575757576,0.10578787878787878,56.172222222222224
2019-07-27,90.87020000000001,633,0.05540625280243928,0.2553537126715093,0.14753571428571427,0.42785714285714294,57.26111111111111
2019-07-28,88.94039999999997,581,0.05697098492955238,0.2661215222043874,0.07056060606060606,0.16,57.06666666666667
2019-07-29,90.06719999999997,584,0.05200718712799722,0.2737853199459346,0.13723809523809524,0.16647619047619044,29.17222222222222
2019-07-30,90.1486,606,0.05147904113082688,0.26265371599300175,0.0353030303030303,0.1226969696969697,65.7611111111111
2019-07-31,94.78160000000001,627,0.05594064460529517,0.2584536487506918,0.05108333333333334,0.24508333333333332,50.78888888888889
2019-08-01,97.79720000000002,636,0.057037124346299914,0.26460755669665253,0.06875,0.06425,63.55555555555556
2019-08-02,96.17239999999998,626,0.05130881535180477,0.2610558030544804,0.07533333333333334,0.2316666666666667,67.36666666666666
2019-08-03,95.06060000000001,613,0.053593317611269765,0.26083645216092033,0.14533457115800863,0.244995670995671,65.7
2019-08-04,92.82200000000005,598,0.055692887334688426,0.26119618871769423,0.04607575757575757,0.19983333333333334,58.34444444444444
2019-08-05,97.53279999999997,618,0.04301206168170453,0.2582088354766926,0.10482575757575759,0.32908008658008653,35.52777777777778
2019-08-06,94.76700000000001,621,0.03923220401291829,0.2436990936576651,0.0599121212121212,0.13755757575757577,68.65
2019-08-07,91.70819999999999,622,0.03591593293119455,0.24304932701880383,0.1407878787878788,0.1715151515151515,57.18333333333333
2019-08-08,89.7854,630,0.03606128176840385,0.2459078541505868,0.0735974025974026,0.13127705627705627,63.50555555555555
2019-08-09,86.4604,621,0.03637898513117811,0.24535106073263974,0.09747619047619047,0.16876190476190478,65.33333333333333
2019-08-10,85.14,613,0.03663655974193765,0.2458192745561932,-0.04333333333333333,0.2216333333333333,53.87222222222222
2019-08-11,88.0456,595,0.03676094311671234,0.2455067304490382,0.08548,0.21151999999999999,64.8
2019-08-12,86.79520000000002,589,0.04448755205112347,0.25063253143681724,0.07601616161616162,0.31491313131313137,45.94444444444444
2019-08-13,84.68540000000002,562,0.05024536830893973,0.2683289831332689,0.14220454545454544,0.36149999999999993,52.71111111111111
2019-08-14,81.37280000000001,571,0.052282219084661616,0.2570805545561293,0.15558333333333332,0.22033333333333333,41.47222222222222
2019-08-15,75.4692,569,0.05428059451378165,0.26713110579046256,0.11847619047619048,0.2206190476190476,55.083333333333336
2019-08-16,74.8198,549,0.05625865625061533,0.2690194018673551,0.04626010101010101,0.12777777777777777,52.705555555555556
2019-08-17,73.58479999999997,533,0.056718069747866265,0.2820354389366017,0.07933333333333334,0.2303333333333333,56.06666666666667
2019-08-18,75.06479999999999,514,0.056751850515739395,0.277528848885574,0.10083333333333332,0.2395476190476191,50.916666666666664
2019-08-19,76.9636,515,0.04118942883957252,0.29763500781891583,0.15563131313131312,0.4537777777777777,33.105555555555554
2019-08-20,75.466,515,0.043396556542153124,0.2980643448512766,0.15296031746031746,0.2825873015873016,51.8
2019-08-21,72.8074,534,0.04958515494045798,0.2711537555598162,0.08066666666666666,0.17800000000000002,48.96111111111111
2019-08-23,74.27119999999998,527,0.04656556565366807,0.2845654799239136,0.09678787878787878,0.2686262626262626,56.11666666666667
2019-08-24,73.42280000000002,517,0.045646208848131926,0.2908787253728081,0.048248917748917756,0.20400432900432905,57.92777777777778
2019-08-25,72.93479999999998,496,0.03145716984184247,0.28655289012134244,0.051,0.25116666666666665,56.977777777777774
2019-08-26,73.83320000000002,503,0.02858859069722166,0.28779194592885066,-0.0006296296296296267,0.2235185185185185,30.166666666666668
2019-08-27,72.743,503,0.030605195512548467,0.28832772695713876,0.11,0.23200000000000004,56.78333333333333
2019-08-28,70.52180000000001,521,0.03158401300792606,0.2888509273105546,0.025777777777777774,0.12755555555555556,38.65
2019-08-29,64.7728,525,0.03154704878171136,0.29720663703485783,0.01890909090909091,0.22149999999999997,52.272222222222226
2019-08-30,63.74500000000002,516,0.034242718929447316,0.29923297804161997,0.059920033670033665,0.1757037037037037,56.77777777777778
2019-08-31,63.92060000000001,503,0.033548988395863386,0.3034500316812816,0.06532222222222223,0.2943880341880342,46.55555555555556
2019-09-02,66.2368,479,0.03799660370493704,0.31516876191235166,0.19191919191919193,0.2568787878787879,45.59444444444444
2019-09-03,68.35119999999999,464,0.03374638655811496,0.3182282326155782,0.11875703463203462,0.41851154401154406,49.99444444444445
2019-09-04,67.67060000000001,470,0.03827821512057181,0.3123060634812227,0.04175000000000001,0.2885555555555555,53.611111111111114
2019-09-05,65.8892,486,0.03902725129808463,0.3057762793948691,0.10966666666666666,0.17900000000000002,47.35
2019-09-06,66.32539999999999,464,0.04092113225137915,0.29428405093991505,0.06277777777777777,0.19355555555555554,40.955555555555556
2019-09-07,67.0636,453,0.055710884757943564,0.30407941399559046,0.05109333333333334,0.13253333333333334,49.19444444444444
2019-09-08,70.0862,450,0.04692470481458576,0.2896438514637919,0.036000000000000004,0.07400000000000001,62.71666666666667
2019-09-09,69.64140000000003,449,0.04769086591676953,0.30334939987500226,0.13545454545454544,0.24318181818181817,48.477777777777774
2019-09-10,71.08599999999998,453,0.049529660211758975,0.2997686143874415,0.022103535353535354,0.21658585858585858,48.18888888888889
2019-09-11,70.0078,454,0.05105699265515215,0.29776222578829936,0.07345454545454545,0.3528484848484848,61.80555555555556
2019-09-12,69.1438,467,0.05390877928530367,0.29429517969609426,0.08650000000000001,0.21733333333333335,53.36666666666667
2019-09-13,68.7246,465,0.04819571894726215,0.2939675481697086,0.12772727272727274,0.2689090909090909,55.9
2019-09-14,69.6376,454,0.053774479383375096,0.29140239895301245,0.06651515151515151,0.21057070707070705,35.8
2019-09-15,70.397,445,0.05362110515024625,0.293825711836448,0.19824242424242425,0.26266666666666666,60.02777777777778
2019-09-16,71.18440000000002,464,0.05073469346360913,0.2968037394889805,0.0697,0.07880000000000001,40.81666666666667
2019-09-17,73.7322,481,0.04893543627348657,0.3078678390675246,0.165,0.16699999999999998,59.65
2019-09-18,76.7696,500,0.05700382136616314,0.30360287854433426,0.1536969696969697,0.28765151515151516,63.172222222222224
2019-09-19,75.2072,510,0.05698702600772664,0.3059698861530072,0.060869318181818184,0.1908560606060606,52.03333333333333
2019-09-20,75.11519999999999,500,0.057025512420673705,0.2940448688109979,0.09259848484848485,0.2533393939393939,63.42777777777778
2019-09-21,73.764,488,0.05393982509936457,0.2994343774524696,0.08471464646464646,0.17136363636363633,60.40555555555556
2019-09-22,72.0956,475,0.060640207761175506,0.3237993490977363,0.10523636363636363,0.21718787878787876,51.30555555555556
2019-09-24,64.002,517,0.07321099070276701,0.3177711996215285,0.12036969696969696,0.20705454545454546,45.62222222222222
2019-09-25,56.227999999999994,558,0.07127332197910431,0.31478281764846383,0.0723888888888889,0.22711111111111112,66.75
2019-09-26,55.479800000000004,571,0.06963987932737933,0.320006829069329,0.1117777777777778,0.20355555555555555,57.09444444444444
2019-09-27,54.928799999999995,579,0.07897913038430285,0.3155917010830803,0.11544949494949495,0.2822020202020202,62.983333333333334
2019-09-28,55.422799999999995,571,0.08668392086525893,0.3130874345398993,0.07242424242424243,0.17993939393939395,61.11666666666667
2019-09-29,54.097599999999986,569,0.0863797637862264,0.31347397280220407,0.1341060606060606,0.2390151515151515,56.68333333333333
2019-09-30,54.76820000000001,570,0.07358214473860734,0.29927329253009527,0.1023939393939394,0.2194242424242424,54.37777777777778
2019-10-01,56.1806,583,0.07711068418283185,0.3000660447556421,0.1817878787878788,0.4033484848484848,47.68888888888889
2019-10-02,55.981600000000014,596,0.07590907003233394,0.2970082229370424,0.14685238095238096,0.2691714285714286,48.855555555555554
2019-10-03,55.8804,589,0.07631345664736078,0.30113371566282526,0.10983333333333334,0.3907555555555556,56.46111111111111
2019-10-04,56.58779999999998,590,0.0767743698559671,0.2973512489311101,0.061,0.286,49.90555555555556
2019-10-05,56.4402,579,0.07806104399854402,0.30407346469846475,0.24345454545454548,0.24418181818181814,54.87777777777778
2019-10-06,55.458,561,0.0811315894676822,0.3115553915057227,0.3206666666666667,0.4045,61.62222222222222
2019-10-07,56.21180000000002,560,0.08039659047109379,0.3107702219291624,0.13856060606060605,0.2631818181818182,43.43333333333333
2019-10-08,57.330799999999996,567,0.07187087431330855,0.31158272891825534,0.14400000000000002,0.2932222222222222,61.55555555555556
2019-10-09,58.17,581,0.0702524705933797,0.3113142401129416,0.24471212121212121,0.38827777777777783,61.08888888888889
2019-10-10,58.236399999999996,582,0.06554467838558749,0.3035220323207338,0.11617171717171719,0.2640909090909091,55.2
2019-10-11,56.428000000000004,578,0.06916454095486356,0.3068982761563409,0.1557878787878788,0.3481818181818182,58.41111111111111
2019-10-12,56.05619999999999,573,0.07121732687861722,0.3159989604183155,0.22082142857142856,0.24585714285714286,56.75555555555555
2019-10-13,56.6084,561,0.07031835438491285,0.3185047092758133,0.19759942279942277,0.2795408369408369,50.15
2019-10-14,56.75459999999996,567,0.059891488389810545,0.3183383168534177,0.09924242424242426,0.3663636363636364,46.394444444444446
2019-10-15,55.458,582,0.057080001746097654,0.3157055840531869,0.1962212121212121,0.2489484848484848,56.17777777777778
2019-10-16,53.514599999999994,587,0.054200752633971824,0.31641588339362325,0.071,0.21999999999999997,54.56666666666667
2019-10-17,53.54160000000001,566,0.05286112817362817,0.3152167305292306,0.1135281385281385,0.29455411255411257,53.71666666666667
2019-10-18,53.476399999999984,542,0.052587317985045255,0.31770828648263727,0.13694444444444442,0.3062222222222222,61.99444444444445
2019-10-19,53.465999999999994,526,0.06823921655131847,0.34411369151018845,0.1544069264069264,0.21519047619047618,54.894444444444446
2019-10-20,53.8824,526,0.05782626078804421,0.33274775737355367,0.1861212121212121,0.3311818181818182,57.083333333333336
2019-10-21,54.593999999999994,532,0.0585790112223233,0.33314825920717656,0.12302813852813851,0.2502207792207792,42.95
2019-10-22,54.437999999999995,548,0.06959997294372297,0.3363098732864359,0.06762121212121212,0.1831818181818182,57.63333333333333
2019-10-23,50.85699999999998,553,0.06457978327405081,0.33492719506254554,0.086,0.17533333333333334,56.93333333333333
2019-10-24,49.49559999999999,532,0.05968512619456015,0.34000688602103707,0.009000000000000003,0.17566666666666667,54.46666666666667
2019-10-25,52.8544,505,0.07035926491808844,0.34144630124777203,0.10316666666666667,0.24449999999999997,43.32222222222222
2019-10-26,57.22259999999999,471,0.07172309934074639,0.33798502178649253,0.1445,0.23133333333333328,39.3
2019-10-27,58.4958,453,0.06321767333195905,0.3483798426441285,0.07761111111111112,0.23422222222222222,62.077777777777776
2019-10-28,59.1264,442,0.060038018060616906,0.3361314143588156,0.12220833333333334,0.25666666666666665,57.19444444444444
2019-10-29,59.52840000000002,448,0.061930369714460615,0.33233688686103474,0.09965151515151514,0.2996493506493506,59.111111111111114
2019-10-30,58.5792,466,0.0642084552819016,0.3350132920542526,0.11499999999999998,0.19633333333333333,58.92777777777778
2019-11-01,58.03920000000001,447,0.06269625702817794,0.3352293061092498,0.1326848484848485,0.33440606060606065,36.55555555555556
2019-11-02,58.39619999999999,427,0.05334085534783861,0.33975317352831336,0.1206,0.2827571428571429,56.733333333333334
2019-11-03,58.00500000000001,416,0.048457910453743806,0.3232336880711882,0.01812380952380952,0.3110071428571428,58.59444444444444
2019-11-04,60.13219999999999,423,0.06049663101448816,0.3313167936560794,0.1883434343434343,0.2416111111111111,35.75555555555555
2019-11-05,62.68359999999998,428,0.06645461592370193,0.32736933790025197,0.10769999999999999,0.2366333333333333,63.294444444444444
2019-11-06,63.24799999999999,435,0.06146935461826172,0.33059123961446374,0.19645887445887447,0.2816666666666666,55.327777777777776
2019-11-07,62.017799999999994,447,0.06412313937313936,0.33248274573274583,0.12510909090909092,0.2586888888888889,58.955555555555556
2019-11-08,60.68599999999999,454,0.06087975186189472,0.3227961555640128,0.16064935064935063,0.3145238095238095,57.422222222222224
2019-11-09,61.27219999999999,441,0.06414377117169671,0.3293038701349872,0.03075252525252525,0.2472777777777778,54.46111111111111
2019-11-10,63.13800000000001,429,0.06727253877253876,0.32811474136474134,0.07340454545454544,0.0993,62.62777777777778
2019-11-11,62.21420000000003,429,0.06398425048425048,0.3209976242476242,0.08671645021645019,0.18228571428571427,40.61666666666667
2019-11-12,61.31339999999998,431,0.06168693079407365,0.32231122382908095,0.08587121212121211,0.20851515151515151,60.98888888888889
2019-11-13,60.9344,442,0.06656387867409375,0.3139687032899398,0.12107792207792208,0.25513419913419916,66.96111111111111
2019-11-14,59.33820000000001,458,0.07305574730574732,0.3292047047047046,0.11721212121212118,0.3594978354978355,45.18333333333333
2019-11-15,58.349399999999974,444,0.07467456092456094,0.32481006331006324,0.053454545454545456,0.127,46.27777777777778
2019-11-16,57.9454,425,0.07341444139981376,0.31505671584129025,0.15593939393939393,0.236,65.49444444444444
2019-11-17,59.02819999999999,418,0.07407574421463313,0.32278573719049897,0.07562121212121213,0.38100000000000006,61.105555555555554
2019-11-18,57.67239999999998,410,0.06909957285622181,0.3210351616468637,0.054354545454545454,0.2947666666666667,43.416666666666664
2019-11-19,55.26779999999998,414,0.06585812552609431,0.31874047393578636,0.20882575757575758,0.23993181818181816,52.94444444444444
2019-11-20,55.16339999999998,418,0.06573285208101964,0.3231156554324093,0.073,0.177,65.5111111111111
2019-11-21,52.2318,407,0.053364024864024875,0.3254626484626484,0.06463636363636363,0.17009090909090907,47.611111111111114
2019-11-22,48.42179999999999,405,0.04912997778835477,0.3261109222365766,0.0789090909090909,0.15,59.977777777777774
2019-11-23,47.50860000000001,394,0.047566748211279465,0.3275274696368446,0.22030909090909095,0.3614787878787879,56.38333333333333
2019-11-24,46.29020000000001,382,0.048145947631988255,0.32539637369586605,0.13777777777777778,0.12222222222222222,46.166666666666664
2019-11-25,45.16460000000001,389,0.037787647306397304,0.30672098364598366,0.14205454545454543,0.27657777777777776,26.655555555555555
2019-11-26,46.4802,391,0.042977696550000465,0.30786332041234005,0.10057575757575757,0.23183333333333334,64.50555555555556
2019-11-27,46.89520000000002,393,0.04513251681143837,0.30553488903979104,0.07333417508417509,0.26492592592592595,60.01111111111111
2019-11-28,47.50659999999999,399,0.04925614081116473,0.3084327784567019,0.021270202020202012,0.29873737373737375,57.75555555555555
2019-11-29,48.17660000000001,398,0.05065302114111638,0.30957504180123235,0.11432972582972584,0.26620634920634917,63.394444444444446
2019-11-30,47.90200000000001,375,0.048234911473006715,0.30851840399459446,0.17940909090909088,0.32466666666666666,45.23888888888889
2019-12-01,46.9208,366,0.04681643272552363,0.30345658107619833,0.18640692640692638,0.25885714285714284,61.43888888888889
2019-12-02,46.00180000000001,370,0.046187559979830504,0.2992044554121849,0.06807575757575757,0.171,30.066666666666666
2019-12-03,45.40600000000001,381,0.048958668480199585,0.3028446000216336,0.08248484848484848,0.18603030303030302,58.9
2019-12-04,44.90020000000002,396,0.04008303648400266,0.3019126972508616,0.19590909090909092,0.18600000000000003,31.56111111111111
2019-12-05,44.58560000000001,383,0.036544977013727005,0.2935701682576683,0.17757575757575758,0.23484848484848483,62.35
2019-12-06,44.809200000000004,388,0.03587171556071077,0.29108897128035893,0.02690909090909091,0.11699999999999999,45.916666666666664
2019-12-07,45.56040000000001,377,0.03536807934912199,0.29394933309625265,0.12824242424242424,0.2501,53.111111111111114
2019-12-08,45.535800000000016,367,0.032176710414805645,0.2893438008199914,0.2009090909090909,0.35719999999999996,53.18333333333333
2019-12-09,45.08440000000002,364,0.03360464477651977,0.29649450086950097,0.1111969696969697,0.4073484848484849,36.67777777777778
2019-12-10,44.18639999999999,362,0.03231222101391182,0.2944957918267098,0.08156818181818182,0.17179545454545458,46.99444444444445
2019-12-11,43.87959999999999,362,0.03536422456823399,0.29522356879668216,0.1309090909090909,0.2483333333333333,50.90555555555556
2019-12-12,43.482000000000006,360,0.038149662727043676,0.29785467486657974,0.16414015151515152,0.25666666666666665,56.96666666666667
2019-12-13,43.90319999999999,356,0.035130321787020344,0.29636671453657115,0.02435353535353535,0.3027777777777778,59.81111111111111
2019-12-14,43.8086,339,0.032630965677840684,0.29030927984053,0.13025252525252523,0.2725151515151515,49.327777777777776
2019-12-15,43.419799999999995,323,0.023000146186420704,0.27550953925341193,0.1521212121212121,0.29066666666666663,49.03888888888889
2019-12-16,42.1132,337,0.02502298113409224,0.27828269757617596,0.10824242424242424,0.2883809523809524,40.333333333333336
2019-12-17,38.8078,352,0.024461841193061853,0.2798000714726068,0.12832428451178451,0.2256216610549944,57.105555555555554
2019-12-18,38.489599999999996,357,0.023776904532856916,0.27645859101216264,0.1598409090909091,0.2937575757575757,61.93333333333333
2019-12-19,39.815799999999996,365,0.028322155538064615,0.2699956071307748,0.09203030303030303,0.19184848484848482,59.855555555555554
2019-12-20,39.87879999999999,367,0.0337897773971803,0.26928246578125237,0.17303030303030303,0.34084848484848485,54.46666666666667
2019-12-21,39.833600000000004,354,0.028330843918898098,0.2583098401325004,0.1782575757575757,0.3577575757575757,53.388888888888886
2019-12-22,40.912000000000006,342,0.03784312331187332,0.2563452606421358,0.0653939393939394,0.2344747474747475,57.95
2019-12-23,41.735600000000005,337,0.041317266675247884,0.2538894732028536,0.11695887445887446,0.384952380952381,43.45
2019-12-24,40.5232,337,0.04085151047828772,0.25427532775281597,0.2227878787878788,0.4075333333333333,52.077777777777776
2019-12-26,40.062,308,0.04161459659621424,0.26227554195078706,0.05885454545454545,0.43993333333333334,60.65555555555556
2019-12-27,40.39119999999999,310,0.03717835462293591,0.25885166170264695,0.09288838383838381,0.26048282828282826,62.644444444444446
2019-12-28,42.2926,299,0.03668704995059676,0.2580924687882817,0.18407994227994226,0.32495468975468983,52.922222222222224
2019-12-29,42.821000000000005,291,0.040012173103306126,0.260861538798731,0.24754314574314576,0.2850845598845599,58.15
2019-12-30,42.685199999999995,300,0.03807158495582142,0.25790960567438403,0.1589030303030303,0.28433939393939395,36.76111111111111
2019-12-31,41.8304,295,0.03210435915659796,0.25983601413327784,0.2366277056277057,0.31962297702297704,63.37222222222222
2020-01-01,41.540600000000005,296,0.033381070249882135,0.26042263452535735,0.19141477272727273,0.3042133644133644,58.53333333333333
2020-01-02,40.601600000000005,293,0.03191128316128317,0.261438997923373,0.29900000000000004,0.5230000000000001,54.477777777777774
2020-01-03,41.084,290,0.02994069951212808,0.26537767413362656,0.1771666666666667,0.3563333333333334,58.9
2020-01-04,42.29999999999999,277,0.023939615154237787,0.2631306863559222,0.1841212121212121,0.3675151515151516,65.27777777777777
2020-01-05,43.2374,264,0.024299015886693608,0.2563113047650962,0.2673666666666667,0.3483583333333333,48.727777777777774
2020-01-06,44.6782,269,0.026106502482100565,0.26000008918071116,0.25107954545454547,0.2886666666666667,37.794444444444444
2020-01-07,45.6382,264,0.029481293773976697,0.25942602271260806,0.3071666666666667,0.32,59.46111111111111
2020-01-08,46.701400000000014,277,0.02708965086404111,0.24851640387615992,0.06000000000000001,0.22533333333333336,47.30555555555556
2020-01-09,44.941200000000016,277,0.03163325766374548,0.2512707768744354,0.059000000000000004,0.31683333333333336,44.51111111111111
2020-01-10,46.2662,272,0.029943006696647477,0.25293264066929116,0.22801212121212122,0.49441212121212125,55.37222222222222
2020-01-11,49.57320000000001,269,0.028435953612782887,0.25448972594704294,0.09795454545454545,0.19080681818181816,56.15
2020-01-12,50.5476,268,0.03145799681247444,0.2589147187343705,0.21050000000000005,0.4056666666666667,63.87222222222222
2020-01-13,49.8614,280,0.046746214735345196,0.2756731073095808,0.156625,0.2831666666666667,35.233333333333334
2020-01-15,57.886399999999995,308,0.04767299380770255,0.2806725396591901,0.14657142857142857,0.3420238095238095,67.81666666666666
2020-01-16,56.600400000000036,319,0.04948074824904094,0.2942334084163352,0.17700000000000002,0.35483333333333333,54.94444444444444
2020-01-17,59.8284,307,0.052088040685601675,0.2912582092704044,0.274,0.37866666666666676,66.26666666666667
2020-01-18,60.098600000000005,293,0.05936304684475418,0.29526523070425514,0.2254027777777778,0.40422222222222226,62.888888888888886
2020-01-19,58.52600000000001,281,0.06278105370936254,0.3089131688028748,0.1954,0.32593333333333335,58.38333333333333
2020-01-20,57.08699999999999,282,0.06304992552826713,0.30553813417056,0.11,0.21466666666666664,32.71666666666667
2020-01-21,57.32580000000001,276,0.06048269751082252,0.30228998015873026,0.1419166666666667,0.33096666666666663,59.477777777777774
2020-01-22,57.864799999999995,277,0.062088919579591235,0.30974127378978134,0.20050000000000004,0.36989999999999995,56.43333333333333
2020-01-23,55.3624,279,0.05787976190476192,0.3075878336940837,0.17272727272727273,0.33775757575757576,60.233333333333334
2020-01-24,53.52920000000001,274,0.05824563174304108,0.30264806652760023,0.1925,0.32933333333333337,62.894444444444446
2020-01-25,53.2076,276,0.05572516372516373,0.2988602231102231,0.20130303030303032,0.44978787878787885,51.02777777777778
2020-01-26,54.5242,277,0.05620285523838824,0.2951492902190872,0.118,0.2293333333333333,59.68888888888889
2020-01-27,57.65419999999998,284,0.060494754088504084,0.2960200498286436,0.13816666666666666,0.2848333333333334,37.46111111111111
2020-01-28,59.481,279,0.05824738548965353,0.3016796369438123,0.2009,0.3064533333333334,37.84444444444444
2020-01-29,60.5884,284,0.06057283066303685,0.30772713326192713,0.21100000000000002,0.3013333333333334,54.544444444444444
2020-01-30,63.42354166666667,289,0.06278078088287511,0.3051230800903576,0.15908333333333333,0.3802333333333333,53.388888888888886
2020-01-31,67.5352,290,0.07113331142388735,0.29731010743183517,0.06491666666666668,0.21066666666666667,56.61666666666667
2020-02-01,70.74540000000002,296,0.06468836457318133,0.30040374009353066,0.10146666666666666,0.23166666666666663,68.96111111111111
2020-02-02,70.8172,297,0.06498497000075946,0.29987954925191773,0.20775,0.39508333333333334,73.97777777777777
2020-02-03,70.027,296,0.0663340509757622,0.2984850819115525,0.19625454545454546,0.40574848484848497,41.388888888888886
2020-02-04,68.03219999999999,297,0.06329294472609981,0.2855752347771064,0.18095454545454545,0.29818181818181816,66.53888888888889
2020-02-05,70.64239999999998,308,0.06688890440503344,0.289739020388214,0.12895454545454543,0.28368181818181815,61.71111111111111
2020-02-06,73.1502,340,0.07348337397401568,0.30004257818830016,0.13574242424242422,0.27844545454545455,62.71666666666667
2020-02-07,73.77019999999999,330,0.0762326674648103,0.3076680680430681,0.05591666666666667,0.3116666666666667,62.227777777777774
2020-02-08,75.3806,322,0.07577370182727325,0.30797713397713405,0.18337301587301588,0.28315079365079365,67.41666666666667
2020-02-09,76.94959999999998,317,0.07862987343344485,0.31299017649017663,0.14644444444444443,0.25044444444444447,59.43888888888889
2020-02-10,74.3954,327,0.07999275577947894,0.31093117616846433,0.1561212121212121,0.3253333333333333,33.8
2020-02-11,74.8816,332,0.08369999283903776,0.3088616725035265,0.16076190476190477,0.21565079365079368,61.85
2020-02-12,79.63340000000001,342,0.08237465589442988,0.3120962164013012,0.09929581529581531,0.24423737373737375,65.63333333333334
2020-02-13,81.10440000000003,344,0.08437509467969236,0.31862147957406584,0.15694444444444444,0.27377777777777784,73.83888888888889
2020-02-14,81.5726,330,0.07139197646712096,0.29606461184929395,0.15,0.31633333333333336,61.92777777777778
2020-02-15,79.53819999999997,312,0.06926459500878106,0.303618558928152,0.17146428571428574,0.33125714285714286,69.96666666666667
2020-02-17,71.87699999999998,291,0.057921357836063725,0.28387692258721675,0.07866666666666668,0.2273333333333333,18.261111111111113
2020-02-18,74.513,290,0.06264506550094785,0.2879069285289874,0.09414666666666667,0.23088666666666668,60.55555555555556
2020-02-19,76.28680000000001,300,0.06797594785388904,0.2948309481368306,0.15483333333333332,0.27011111111111114,66.66666666666667
2020-02-20,69.73320000000001,313,0.0651946912368424,0.28793192724588085,0.171,0.31983333333333336,67.12222222222222
2020-02-21,72.5536,307,0.06317651381540271,0.2881608398099627,0.13699999999999998,0.24666666666666667,67.00555555555556
2020-02-22,74.84100000000001,305,0.06554992289845232,0.28999910024615916,0.08016666666666666,0.22308666666666668,60.71111111111111
2020-02-23,78.3076,304,0.06588848260002107,0.28663617579002204,0.15755555555555556,0.43472222222222223,57.82222222222222
2020-02-24,75.73419999999999,302,0.07262358947991132,0.2954357014313912,-0.056906565656565676,0.42448888888888897,36.78333333333333
2020-02-25,72.94619999999998,306,0.07059903357604508,0.29728174810502406,0.20762121212121212,0.4456818181818183,56.894444444444446
2020-02-26,65.02820000000001,311,0.07519556165195701,0.3024307883653814,0.22872222222222224,0.3680555555555556,55.894444444444446
2020-02-27,61.682400000000015,312,0.07533893990830409,0.3011272755824779,0.15391666666666665,0.31725000000000003,62.05555555555556
2020-02-28,60.11160000000001,307,0.07148537536109792,0.2990078150815145,0.08224999999999999,0.18133333333333332,62.52777777777778
2020-02-29,59.60979999999999,282,0.0704743881559358,0.30720876230251226,0.06272727272727273,0.31059090909090914,56.47222222222222
2020-03-01,58.44259999999999,281,0.06879794257770452,0.3077221315390957,0.19393888888888888,0.3525888888888889,59.56666666666667
2020-03-02,59.8456,279,0.06174892251492864,0.30152281915239226,0.16920454545454544,0.30718181818181817,42.733333333333334
2020-03-04,60.4384,285,0.0682950102250417,0.30949261430393504,0.15749999999999997,0.254,63.06666666666667
2020-03-05,61.94820000000001,286,0.07117838911387302,0.31425387694742524,0.11284848484848485,0.219939393939394,61.36666666666667
2020-03-06,62.50659999999999,274,0.06866368562739532,0.3106711138324041,0.16649999999999998,0.37949999999999995,61.37777777777778
2020-03-07,62.327199999999976,245,0.06151528363709894,0.2869074635555527,0.09366666666666668,0.18686666666666663,50.333333333333336
2020-03-09,49.73520000000001,253,0.06893622875708866,0.3018609796077948,0.13641666666666669,0.2481666666666667,30.25
2020-03-10,50.21140000000001,249,0.06436614929239154,0.29507655474270367,0.188260101010101,0.21047070707070706,72.86111111111111
2020-03-11,48.7148,235,0.06565953621031748,0.3044640281593406,0.02330555555555556,0.15605555555555556,62.86666666666667
2020-03-12,38.812799999999996,257,0.048005830974580964,0.3203161555325016,0.20424410774410773,0.3026851851851852,55.37222222222222
2020-03-13,34.5516,256,0.049020732935827274,0.2990307403986648,0.05725,0.152,69.27222222222223
2020-03-14,35.9132,250,0.04269997821884613,0.2910747655558975,0.14966666666666667,0.20783333333333334,24.08888888888889
2020-03-15,35.584599999999995,245,0.043910008767603696,0.292990530917746,0.17793571428571428,0.5445404761904763,66.95555555555555
2020-03-17,34.6704,255,0.051986663028329674,0.308287439649619,0.11472222222222221,0.2097777777777778,67.42222222222222
2020-03-18,33.9552,256,0.0576408012537045,0.3086788486304614,0.16294444444444445,0.27694444444444444,61.111111111111114
2020-03-19,36.871999999999986,259,0.0664899390732724,0.30127925469592115,0.0962,0.3198,62.91111111111111
2020-03-20,39.6984,258,0.06097599113538712,0.29144571095074434,0.04941666666666667,0.18133333333333337,70.77777777777777
2020-03-21,38.1388,249,0.061982702544783094,0.3005900062527578,0.06676190476190476,0.16826190476190475,68.92222222222222
2020-03-22,37.52100000000001,243,0.05838660099281015,0.28425781885749196,0.04841666666666667,0.22666666666666668,64.4
2020-03-23,37.4498,246,0.0644579467013242,0.3040824257297766,0.07278571428571429,0.26223015873015876,45.66111111111111
2020-03-24,39.7004,248,0.07663323960413004,0.3145649600272887,0.06301010101010102,0.2033207070707071,59.80555555555556
2020-03-25,39.5334,246,0.06811329231468119,0.3078046188636465,0.0935,0.12466666666666669,67.72222222222223
2020-03-26,39.3796,240,0.06833605543365817,0.3032741902947382,-0.004666666666666663,0.14,56.09444444444444
2020-03-27,39.914,235,0.06643754488788733,0.2979129704643402,0.1512638888888889,0.33138888888888896,53.26111111111111
2020-03-28,38.00020000000001,235,0.06953941301355093,0.3025404869715213,0.10437121212121213,0.2561818181818182,60.96666666666667
2020-03-29,38.1246,236,0.07126355094458542,0.3008163490404868,0.18400000000000002,0.2761666666666667,72.95555555555555
2020-03-30,38.64019999999999,247,0.06804903365667253,0.3055691421490032,0.22533333333333336,0.348,41.172222222222224
2020-03-31,38.9616,250,0.0779872534872535,0.30482018045811143,0.16255555555555554,0.3133888888888889,58.388888888888886
2020-04-01,38.389799999999994,252,0.07455987626677284,0.3066906088802639,0.07397222222222222,0.27655555555555555,59.2
2020-04-02,39.8722,252,0.0729242895151986,0.3095889548162274,0.09983333333333333,0.182,62.205555555555556
2020-04-03,40.476400000000005,254,0.08243996679760571,0.31162148101384196,0.21241666666666667,0.28950000000000004,64.12777777777778
2020-04-04,40.512200000000014,246,0.07498281905816152,0.30042468059591343,0.13133175505050507,0.2861666666666667,63.2
2020-04-05,40.608799999999995,247,0.07587371462371462,0.2946744187369187,0.1377833333333333,0.3081333333333333,67.39444444444445
2020-04-06,42.824799999999996,246,0.08142749080249079,0.293297416154559,0.2149878787878788,0.4266365800865801,31.488888888888887
2020-04-07,45.80780000000001,245,0.08203747578747579,0.2967602539923968,0.2169166666666667,0.3481666666666666,65.37777777777778
2020-04-08,46.05919999999998,252,0.08234156010018077,0.2980516364678926,0.24450000000000002,0.3841666666666667,62.772222222222226
2020-04-09,46.14920000000002,256,0.07476943709582598,0.29294025263023277,0.15548484848484848,0.3369166666666667,60.07222222222222
2020-04-10,43.17239999999999,254,0.07133441725455612,0.2819192539529841,0.09293939393939393,0.23600000000000002,71.66666666666667
2020-04-11,42.49880000000001,250,0.06827061667578907,0.278092799328021,0.17335252525252526,0.3847888888888889,58.44444444444444
2020-04-12,42.66480000000001,247,0.06750441594191593,0.2753736441682871,0.18820000000000003,0.31796666666666673,67.40555555555555
2020-04-13,40.56899999999999,221,0.08292116792116792,0.279044474089117,0.1481404761904762,0.34118095238095236,31.822222222222223
2020-04-14,41.324799999999996,210,0.08236465001565674,0.27717169238382094,0.10891666666666668,0.24458333333333335,65.95555555555555
2020-04-15,40.74000000000001,218,0.08226890954163682,0.2747034777391921,0.16198484848484854,0.2765909090909091,30.705555555555556
2020-04-16,41.43320000000001,211,0.07841345415130137,0.2773097035882255,0.1571991341991342,0.26616666666666666,60.62222222222222
2020-04-18,43.120999999999995,204,0.07213376418078613,0.27360598299794453,0.18315151515151518,0.3665,56.355555555555554
2020-04-19,43.04519999999999,199,0.07088204759606273,0.2689170695200863,0.20274040404040403,0.3431333333333334,53.68333333333333
2020-04-20,41.811400000000006,196,0.07572243413152503,0.27445683138327565,0.1645227272727273,0.3394040404040405,26.15
2020-04-21,40.64979999999999,191,0.07552089204686606,0.27647257022654587,0.1519592352092352,0.3847611832611833,62.30555555555556
2020-04-22,41.358599999999996,194,0.07503957101762744,0.27198138728714194,0.16154437229437227,0.3263452380952381,61.87222222222222
2020-04-23,42.367200000000004,201,0.0696200468603066,0.2725816199070241,0.11847575757575758,0.3804803030303031,64.79444444444445
2020-04-24,44.04180000000001,198,0.06651630536370796,0.2684574702471602,0.11782121212121213,0.2940929292929293,67.32777777777778
2020-04-25,44.6812,200,0.05383399759211448,0.24950132718387424,0.2067888888888889,0.4540888888888889,65.87222222222222
2020-04-26,44.571000000000005,198,0.05618573089223561,0.24570134548985872,0.13195555555555555,0.3692555555555556,55.55555555555556
2020-04-27,44.29119999999999,198,0.05631157953398212,0.2486896388721859,0.16417878787878787,0.2811141414141414,61.355555555555554
2020-04-28,44.5196,196,0.05906565101063898,0.24582148066806622,0.23108095238095241,0.30976825396825397,62.28888888888889
2020-04-29,47.28319999999999,207,0.0612549236860414,0.25143370793599845,0.23065367965367975,0.39023896103896105,49.28402366863905
2020-04-30,47.94080000000001,199,0.0666969811693838,0.2507419648530833,0.13760454545454548,0.30854848484848485,55.361111111111114
2020-05-01,47.246800000000015,197,0.060497743898717954,0.24837338105592813,0.14355555555555558,0.32272222222222224,72.26666666666667
2020-05-02,47.86339999999999,193,0.06590502344833243,0.25043063957808304,0.16293939393939397,0.3060984848484849,61.38333333333333
2020-05-03,48.49359999999999,186,0.06569030360658376,0.24534399480132316,0.2367505050505051,0.34395404040404043,67.99444444444444
2020-05-04,46.631600000000006,183,0.0645683786861402,0.24852957752086022,0.07956529581529581,0.24223088023088024,41.50555555555555
2020-05-05,46.7972,182,0.07379312482164987,0.26016707987951027,0.1947,0.3488,55.37222222222222
2020-05-06,46.7234,183,0.07767429103862789,0.26800742843706726,0.150417094132945,0.4049682539682539,62.78333333333333
2020-05-07,46.353599999999986,181,0.06744674066914326,0.2639703089633516,0.14531818181818185,0.3901666666666667,62.327777777777776
2020-05-08,47.4612,181,0.07542905913005345,0.2779248671677649,0.15748484848484848,0.28099999999999997,63.05555555555556
2020-05-09,47.793800000000005,172,0.0854769039798585,0.2789062130293948,0.0984570707070707,0.3225555555555556,45.15555555555556
2020-05-10,42.077000000000005,168,0.07822446290241743,0.2824511625243443,0.18383333333333332,0.35633333333333334,68.38333333333334
2020-05-11,41.6056,170,0.0769595411717397,0.28294557179575736,0.13059595959595957,0.3329343434343434,63.644444444444446
2020-05-12,42.176600000000015,173,0.0798839215907242,0.29387328119161865,0.1424848484848485,0.382,70.62222222222222
2020-05-13,42.7276,181,0.07508832790911389,0.29005207676372446,0.1776623376623377,0.3232792207792208,58.99444444444445
2020-05-14,43.53659999999998,179,0.07665301098539735,0.2887502129831675,0.12934632034632035,0.31228138528138527,34.83888888888889
2020-05-15,43.18279999999998,184,0.07536246251343655,0.2845807132982458,0.189969696969697,0.276,64.7
2020-05-16,43.29419999999998,175,0.07956237157011951,0.279771751320305,0.16513939393939392,0.3239818181818182,61.1
2020-05-17,43.91400000000001,171,0.08591027378081745,0.2822947693027907,0.12587979797979798,0.24552525252525254,57.34444444444444
2020-05-18,45.15419999999999,168,0.0908337996981089,0.2950663733196628,0.152285101010101,0.3060787878787879,55.82222222222222
2020-05-19,45.01999999999999,174,0.0864398729086229,0.2875050358800359,0.023863636363636358,0.234489898989899,46.65
2020-05-20,45.0282,181,0.08226767054784295,0.2936728367418023,0.015666666666666666,0.28155555555555556,63.166666666666664
2020-05-21,43.315200000000004,182,0.07948441931631586,0.29063096482062,0.07724848484848484,0.3454282828282828,64.38888888888889
2020-05-23,44.1362,179,0.08593015458640459,0.28437542900042895,0.10604545454545455,0.23370202020202022,60.394444444444446
2020-05-25,42.7818,177,0.10401189408179538,0.28888097374117105,0.13887777777777777,0.31651111111111113,49.355555555555554
2020-05-26,42.4962,178,0.10803877712701242,0.29873360354242706,0.10599999999999998,0.3005396825396825,56.36666666666667
